"sample_id","global_temp_anomaly","thermal_box_1","thermal_box_2","thermal_box_3"
"mem100492",0.7325662058150717,0.37478370577852427,0.29846272136156093,0.07965469085808541
"mem101042",0.7242033716376325,0.2463822493843267,0.4682455637460185,0.037914617166718005
"mem101270",0.7381113410379151,0.3418870640278975,0.3695278396555155,0.05155594701169065
"mem101704",0.7839914471515056,0.27250953116345705,0.5239564338939701,0.01333561240784688
"mem10174",0.835868791970488,0.6860281158752399,0.11980932267608352,0.0635326990786055
"mem101832",0.9622140351203959,0.428741112021497,0.38992842265525973,0.1646444232004709
"mem103022",0.8565172107963046,0.43480487206174,0.22706955899444664,0.21530407207674365
"mem104057",0.6135882192992674,0.20760075415713114,0.43468906543705427,0.006052421616886263
"mem104452",1.1395139176648437,0.5725138045167385,0.5666093556947879,0.019999749311836276
"mem104778",0.8392312907024391,0.5314533035462151,0.30846916146501024,0.019802238350491646
"mem105062",0.9067099291124813,0.35159492404117987,0.26164385453588984,0.3284459645996962
"mem105601",0.7369320904764685,0.15109693217998404,0.6067050096631734,0.010644196519394102
"mem10656",0.6680230656564979,0.29730605884532346,0.37111806736371455,0.03098413954511514
"mem106832",0.8715843315428712,0.5297024185347831,0.3045811380493772,0.05577017117071407
"mem107328",0.9664147991142674,0.4973201782239011,0.4565832919015204,0.03299501395094312
"mem108501",0.7662792874766529,0.33445071785945046,0.45585409261656296,0.005059427730645758
"mem110492",0.7219244494345992,0.2629011820656942,0.44238440786725314,0.04108042942774523
"mem11075",0.8815608800671187,0.2138346901919919,0.5904286839940073,0.09191522900312667
"mem110769",0.8873862628818888,0.2602522667812193,0.37551062230653237,0.2765189776443429
"mem111824",0.9021590610191311,0.22898120235951938,0.6774618359911588,0.01608393942211123
"mem112069",0.5529695132238291,0.16891292030615784,0.41700440553756535,0.004694922613050419
"mem112394",0.6432499312818853,0.35094811637315565,0.15371339830198308,0.15427848957853846
"mem113502",0.6123843132429501,0.1298357238762123,0.5243162162356152,0.0014480366247349716
"mem113905",0.6697087144307861,0.18357312405525275,0.49894998393885975,0.008486118152262618
"mem115101",0.828026567347992,0.43913891204522626,0.3423342032137538,0.06607371292697463
"mem116904",0.9457803293220318,0.4549614580157488,0.49666614627929073,0.015337029938017237
"mem117167",0.6878516666939279,0.4113922999599257,0.2907848382382708,0.026558521167216017
"mem118391",0.7367700911265911,0.38506080592871084,0.12628789876380242,0.24850281702327334
"mem119174",0.8264179244715468,0.30838221460571424,0.5152103611710614,0.023897022957686705
"mem119804",0.801792862577331,0.3963388810536606,0.40564540602297733,0.014730337338417443
"mem120266",0.8298566557809671,0.3718857322770893,0.30539753999339886,0.17160186842931954
"mem120656",0.6442497400921222,0.14923830685963815,0.4664545864566637,0.06158769554892326
"mem12156",0.9123610711931425,0.4936303221413627,0.4164225667930012,0.02872649379280994
"mem124014",0.6143461040265592,0.16267477024708352,0.33317444109308725,0.14267545974977622
"mem127172",0.6524191705868516,0.41909083594271435,0.15619482608543006,0.09806139426903474
"mem127544",0.6411999652886,0.40060230330848373,0.1249895688320482,0.13545729061614464
"mem128485",0.9879119052074508,0.4469118689783719,0.3915981954631572,0.16926988223726544
"mem12971",0.8704854980721191,0.358329796018665,0.4874846609477672,0.055022391805182994
"mem130774",0.9754873610942091,0.4968035356951012,0.4448995810245755,0.05320070953060734
"mem130862",1.032309912699758,0.631599027091066,0.32373353702491525,0.09742649980171139
"mem131124",0.81917752609703,0.2711662459441168,0.5290302188775369,0.033005734694617136
"mem132459",0.6965510993233288,0.4509463920715384,0.18227521561799642,0.09360086519143743
"mem133311",0.5952673615794298,0.43374531675691597,0.18811398829802045,0.003020152054796529
"mem13600",0.8047686071264233,0.16432043018286027,0.6331673253905014,0.0388814789452723
"mem136303",0.7606350214457726,0.5981270245161641,0.16433817997737804,0.029255702521219996
"mem137161",0.8763139929389382,0.21702757777608103,0.6695994157549358,0.025367652844019706
"mem138860",0.7862753491097056,0.5357892990916737,0.21268249934973493,0.05322566535335444
"mem139102",0.784431804023743,0.5856153147626819,0.16472398225474932,0.05311432014620257
"mem140394",0.8129531059614666,0.24712713747506485,0.5737669551118376,0.02274992011410365
"mem14089",0.8273979557562277,0.16546730435360996,0.6313744407670474,0.06507103792457725
"mem141239",0.8981718356225086,0.22440076160669814,0.2991536418819426,0.3984526100914749
"mem143057",1.0746699632560721,0.5046177821551954,0.5500664067720106,0.026940104160680215
"mem143402",0.9182294242486834,0.31678097117519527,0.6078968478360615,0.014355726821865282
"mem144396",0.8734370940687558,0.6224084145409503,0.24307737096651355,0.03664258361120714
"mem144780",0.8618643318552609,0.25831920112666973,0.6048006148682212,0.015917419995193423
"mem145222",0.8805367373968306,0.5870913999372089,0.30244520483345555,0.014386627651147755
"mem145952",0.9412020142406556,0.3520440190104789,0.5457752586520384,0.062354671321770104
"mem146471",0.9205707390712818,0.7759443354465028,0.06743200245472153,0.10922631346042021
"mem146788",1.1515466080773926,0.4692429040064407,0.6177053019249023,0.09337886101487448
"mem147048",0.8070439819825292,0.5155396658317429,0.17906523463748586,0.13335800541192372
"mem147505",0.6671423290032383,0.5434424033144767,0.118091772596939,0.0375328904617102
"mem148528",0.8783610162030364,0.0925913684444212,0.7772952148872889,0.04004898603459239
"mem152744",0.7923225605006587,0.4298125900409283,0.17484771025230966,0.2090438935492194
"mem154207",0.7283441629779661,0.4177849013145051,0.22382201068081825,0.11463597930564386
"mem154215",0.8744237934399443,0.6304848543825525,0.20885823885944674,0.06038124360328976
"mem155937",0.8069202154794057,0.2247396389003366,0.503695110649133,0.1147242694195825
"mem156343",1.2376951030787957,0.8730843803575608,0.3065579661118299,0.023422322928452477
"mem157335",0.6963038584374271,0.2919111509583076,0.4002962541172395,0.029259613000859577
"mem157841",0.9587463402505129,0.774177018320918,0.1608329043490927,0.04354165013052459
"mem157849",0.6984382294004214,0.41193518830111486,0.2940612514520426,0.022066702608711186
"mem158160",0.8955682076385599,0.5264601107668587,0.09717314841531702,0.28764359979705967
"mem158516",0.8445430355391574,0.5803916937757012,0.17872547306872832,0.1090619967244097
"mem159264",0.4618798973807,0.45391835077484494,0.03612997004301404,0.003493183729124638
"mem160729",0.8487975493426955,0.04113978538259055,0.7982827500702774,0.05286890302184962
"mem162893",0.6738156110760574,0.4193998852799681,0.27006408978257324,0.012301400372740814
"mem163301",0.8446512092037474,0.18027204616904172,0.6351607188904923,0.045140354291694294
"mem164144",0.9497171707300089,0.31282701412192654,0.6268543576139861,0.028666406748219422
"mem166285",0.9140370051512858,0.10875980316830279,0.8223389130417762,0.0024106269595919527
"mem167102",0.9348104384962141,0.22569630481158345,0.6639060044592942,0.0704165572412253
"mem167104",0.9534883658864209,0.12902532742667724,0.7352130539288975,0.10920000517271919
"mem169291",0.6966263720561963,0.17804991158536673,0.48449317814024895,0.06590021527171823
"mem17049",0.8079894636407895,0.5917834275451699,0.17748175648142128,0.06574551167520021
"mem17087",0.7310143699034211,0.11970430997276656,0.5934975424957306,0.05695862952725782
"mem172049",0.831818388214519,0.31082303377460707,0.49916047496075905,0.04180952379559431
"mem174671",0.8581753931659775,0.05583625080757148,0.8089770356553787,0.026188381808261392
"mem175561",1.0613879905945678,0.8982180506245714,0.07132320978191765,0.11852274991441551
"mem176360",0.7494688923439972,0.44477703689686066,0.24352315045031359,0.08459989879187547
"mem176566",0.7187962068055099,0.32493763285407073,0.2798915952052328,0.13409824636934592
"mem176684",0.8412094060527925,0.6289221004941413,0.10356644786430563,0.1200081876133625
"mem177665",0.8408977509775094,0.46757574839824867,0.39091911762560816,0.0011969818579895587
"mem178024",0.6147100143987896,0.22044298868998663,0.40897284724617955,0.008362548564962333
"mem178256",0.9136407699474759,0.22597584136615773,0.6722996815405309,0.044768550465490095
"mem179678",0.8328330386899498,0.15104927647091695,0.35380007139648156,0.3441226507767753
"mem179704",0.7037043140604847,0.5031673703751994,0.1133323634256695,0.10948274353501396
"mem179770",0.9460713653039398,0.35416357870863246,0.4709742443540199,0.14032798442521086
"mem180025",0.8911705836812013,0.5266185829458025,0.3341663981894273,0.051345683753387904
"mem182041",0.9564417815909869,0.5871770565915371,0.15264357881485446,0.2272766778988476
"mem182250",0.5903316946248527,0.3438692059811374,0.2433957253905748,0.04173814950045652
"mem182489",0.7395216266605116,0.41559709643551224,0.3000831174435972,0.04324298550044609
"mem182717",0.8618191432594297,0.39463628974028886,0.43742219722264897,0.04846431899978512
"mem184027",0.8886304175912125,0.3489745918106617,0.5043570511330436,0.063595698921929
"mem186361",0.7630244853255228,0.18110464457210626,0.4177418729221929,0.19019255772213717
"mem187079",1.0149839328829533,0.30440153280891563,0.6403746284677025,0.09993381888427598
"mem187772",0.591199814496575,0.31930952279182356,0.3095248103493824,0.001834342770728123
"mem187980",0.7855502190921378,0.3354102545082972,0.41923994891258576,0.04904400397577091
"mem192171",0.8476647202883267,0.16648931544166667,0.5844742953380364,0.12107380261442185
"mem192310",0.9350488282434881,0.26550701086208456,0.5786795011775121,0.11054887364947782
"mem192910",1.01855489653058,0.12739594121563266,0.8360761444434175,0.08039216361252459
"mem192912",0.9741411601691201,0.37797779254227337,0.5652204542678664,0.0518470864012915
"mem195517",0.9655184553817406,0.4180949889270795,0.05566457938938274,0.5169877013039806
"mem1956",0.39103982906444384,0.17938602953691793,0.2600505455713287,-0.004684703001470229
"mem195686",0.8814452712722533,0.3346618813081437,0.5431231289202914,0.02971574791314015
"mem195812",0.8684744946334195,0.362572720694573,0.49096601324706124,0.03638292637061144
"mem196024",0.5954823654521942,0.37726428578939036,0.21443728215757307,0.03116440370838471
"mem197009",0.7854784047777782,0.41260068966271,0.33636327544227396,0.06329879044757881
"mem197314",0.6540326860906176,0.13111430094715013,0.4380342539180618,0.11781973092012518
"mem198487",0.7419010309427203,0.3751529699764017,0.32272338339881884,0.0577303113725775
"mem199078",0.7777857911057648,0.27191861143653584,0.5150661198225686,0.022886496581421348
"mem200763",0.7961340791063691,0.6012288009130871,0.10045019250874028,0.10451817513670315
"mem201354",0.9458252813176837,0.8093455297772574,0.13589284439504315,0.026683904338168783
"mem204820",0.9184274581911781,0.4103248013108278,0.43336519756970726,0.09764465854565714
"mem204993",0.8066458237831768,0.24258511221722326,0.5677840057935399,0.02629369396399455
"mem205929",0.7787908473723859,0.3122812647103958,0.36707865148591406,0.12304536608708486
"mem206557",0.6495964993641674,0.22321410616842788,0.4726555164782485,0.0025965200346138545
"mem208099",0.20069832596948084,0.09606365421364424,0.14812580945447346,-0.008807655312217843
"mem208654",0.7627260432026062,0.09968926094048577,0.25481126247949987,0.42555630799608785
"mem210211",0.916677012035398,0.5103450293426423,0.3880443181473515,0.04639811906783738
"mem211307",0.695084672656596,0.35230109126082076,0.3559275912706796,0.013076800886728218
"mem211319",0.909483724750082,0.28157523782118576,0.45705169356971154,0.20060218213460665
"mem212443",0.8827796369908226,0.24641185917514083,0.6157013712317713,0.04920082586575233
"mem212778",0.5776383264482667,0.25577073519875293,0.10985832068137878,0.22723299341060826
"mem215224",0.9467736641672385,0.5911741404594711,0.049461284272878395,0.3252151761272178
"mem216296",0.09836057236033867,0.09688064072593201,0.03715332562928324,-0.005625661794562729
"mem218634",0.763028807676209,0.3148760097537749,0.46714505747354024,0.006325204996225463
"mem219356",0.8934674377196506,0.33607400098870566,0.46090770153262417,0.11919618587359965
"mem220001",0.8981523979832557,0.3820444266771586,0.5298294685581867,0.009874576326211998
"mem220222",0.9583258302546139,0.513284914704119,0.34136899158666834,0.12325584290840905
"mem221847",0.9497075605396396,0.4083853858627931,0.551498534897628,0.010915844472819456
"mem222050",0.95664559420066,0.4088053540118919,0.22413880400552377,0.342630988181627
"mem222424",0.9074023952928004,0.6581892420071767,0.24149848558144293,0.026696279238258847
"mem222828",0.693544068301727,0.2864043151380767,0.3797517024974998,0.05875301086690664
"mem223510",0.9243172702509562,0.3276245424878285,0.5924103788299719,0.024206057367622512
"mem224201",0.7148281209763954,0.183317361302516,0.5461552086052113,0.02223635267690064
"mem224632",0.8183884685351938,0.49668392247064247,0.3198443814614833,0.02369387171197076
"mem224818",0.6223245564051488,0.4375704840983402,0.15394942746500642,0.05320976167188539
"mem225183",0.8376382377519429,0.48963784916705877,0.2161098399779932,0.1519069678449751
"mem227167",0.6225678083215641,0.15456801501655085,0.3769566725708975,0.11933292445899925
"mem227535",0.9645941250000336,0.264655608727846,0.6530920669237643,0.06883516004736412
"mem227546",0.6564712101402627,0.4213251670302526,0.17285375152078553,0.0872647736031348
"mem232377",0.9026133841702279,0.24496613323607383,0.6129193728363891,0.05981652699810722
"mem232597",0.7797580504747795,0.4297270488400886,0.342332630273043,0.02584385185924159
"mem233837",1.0334991134938922,0.2954607098039914,0.6901631863483018,0.0738280804243237
"mem234186",0.6433409561551949,0.07387160179618897,0.6061998895871678,0.012499785594432813
"mem235443",0.9261982930469794,0.5418089336042514,0.35303079709827645,0.05785737933158282
"mem235739",0.8299035334193845,0.39531511320142465,0.25092301838111514,0.20122424984349951
"mem236270",0.7871373338398774,0.32530552072162655,0.4826736602232,0.015486547262040266
"mem236332",0.6617219202424586,0.42136412543129353,0.2726684036077704,0.0031754451294902074
"mem236700",0.6568603826195326,0.37940145540633924,0.26938281748651693,0.03973192977680782
"mem239889",1.0121055269381891,0.15933794110252222,0.7384163005816349,0.1424705150349546
"mem241137",0.8396424261419777,0.26958225876889735,0.5441200478800627,0.05313333935887577
"mem24134",0.6423113537049515,0.33648188075938534,0.30762340534188376,0.028031947358267462
"mem243083",1.1472115492379957,0.42598292918321135,0.6649576419992915,0.08378190530192553
"mem244194",0.9832997371847326,0.16276468687066678,0.756207195373921,0.08876201546887795
"mem244570",0.8610351919815948,0.16394522810773932,0.6664736277347356,0.05425837207339471
"mem245349",0.7147106227895129,0.4579681258849657,0.245233660366304,0.028620008542532802
"mem246055",0.7847295144161838,0.02085023391085305,0.6570950778599748,0.12811724070658023
"mem246764",0.9254469233105188,0.22637796713345373,0.5907773326197131,0.13450884966374077
"mem246944",0.7648143658489605,0.2359972180273781,0.5525390211676684,0.006129120953814965
"mem247258",0.7807055567653134,0.1522181027030931,0.5796938872654069,0.09316174474619929
"mem249246",1.0958461543106386,0.07784730537767852,0.9715795241835617,0.07057151510389223
"mem249959",0.7269283794568857,0.43212735218576115,0.2948225513411133,0.0288376402036171
"mem25284",0.806094855737702,0.48475630042566487,0.3110746941847105,0.038931333734724204
"mem253022",0.9959946000220088,0.5755006353085299,0.37809351279267134,0.06080615572294115
"mem25321",0.969614908121619,0.3532977306082084,0.4275260994893662,0.19633107589169702
"mem253728",0.7855962678865349,0.3726591462535327,0.4023065972700342,0.041003234186515865
"mem254052",0.7435205162667617,0.47711382031194494,0.2843685291781806,0.0055178160924298555
"mem254271",0.8151207072979432,0.4297106291977627,0.3889760907968166,0.02145058254110356
"mem254928",0.7975714375398932,0.15377507481625385,0.654888968001928,0.024434729092309995
"mem255913",0.8057599320213489,0.12985276655398129,0.546958242022037,0.14594472274108078
"mem256524",0.8664220420937593,0.6209047873708251,0.24820771653512214,0.013575634686518553
"mem257406",0.852794407378995,0.36346821038875854,0.36325207035114965,0.14814313889737607
"mem257776",0.959560772941643,0.450027481428255,0.4950121730379339,0.037827102674519386
"mem259098",0.8075734017351837,0.31276706853360964,0.4660188356099948,0.04796845689268722
"mem259342",0.8874523601395427,0.37595743908230733,0.5107189615794191,0.030655758828670592
"mem259377",0.728437884691703,0.20147750524139393,0.5237492663133891,0.02658700888942035
"mem259915",0.8644516485724699,0.40039950584242273,0.45750699791334587,0.03808477018136397
"mem261577",1.0081332992068226,0.3964550775744202,0.6211204984310128,0.008225049362236675
"mem261648",0.820121417075777,0.25829267237096076,0.5639428263620565,0.02334512323342902
"mem262190",0.7780534568461575,0.44308571772125244,0.36165869404314044,0.005964546958031935
"mem26337",0.7179691536330128,0.4129885819618441,0.32885738007113163,0.018863177030515085
"mem263722",0.9891890831066702,0.8704632280425908,0.06249551785641778,0.07719406891814727
"mem264749",0.9364199744796229,0.6348410345112301,0.26638096509849635,0.054872591075397964
"mem265153",0.7777631974927908,0.09531128683418554,0.2147248834219399,0.4813140347928774
"mem266031",0.9341958111991565,0.3497884519190566,0.5908468422983699,0.00745194597508643
"mem266839",0.7143880979660348,0.23643508368566724,0.3658713811592387,0.142031963941554
"mem268148",0.7759520650442704,0.45375695571600716,0.2984980877109179,0.05391516491224072
"mem268734",0.7583342971529065,0.38700900498554014,0.2800177107445807,0.10923383623538338
"mem269114",0.8484767828162562,0.6321464558935503,0.19815328623811282,0.041571018797375
"mem269919",0.7604932834414225,0.3174584647653708,0.3972729994984539,0.0604876972877608
"mem270091",0.9860937974884558,0.43368114526157925,0.5578933670197231,0.004841114044849341
"mem27212",0.9973264412615349,0.23164850599332876,0.706233965502883,0.08986198154491926
"mem272285",0.7335921449745011,0.44714471638181397,0.27446992137442355,0.03366038558070396
"mem275220",0.6567972716703078,0.5305938233148433,0.07918598950088872,0.06703164422995998
"mem275279",0.710116889935993,0.3490862241539908,0.2712603281874708,0.11648343230363212
"mem276248",0.7615970789833142,0.2864935929713653,0.4387841834516061,0.060636927886377756
"mem276552",0.6790784520831024,0.41240598738619416,0.2321575000575584,0.05853032620618234
"mem27701",0.7467255973965777,0.23945699967197218,0.48531192465622847,0.04804739726314459
"mem277487",1.0147445591974245,0.28706570652229996,0.5556693743912288,0.19788521963442077
"mem27795",0.9200177129564164,0.6171584280645213,0.15400406694726199,0.16916845672063205
"mem278305",0.681342624708071,0.2994044724286594,0.39141908232313327,0.013999393872363437
"mem278532",0.801292083508137,0.7223972075351783,0.07132922296813203,0.04116150209090455
"mem280828",0.6329581664811387,0.029256576149215216,0.4433274887980369,0.18740372361406818
"mem281369",0.6432539891287427,0.31388938787032816,0.21921585094424081,0.13006141248845254
"mem28212",0.7945447651362045,0.5606717884617882,0.19628743255554854,0.05462845986367877
"mem28271",0.7828064280267415,0.20013435614858205,0.5774684315548471,0.03318093162706217
"mem283459",0.9023701540459063,0.4353255567570319,0.48033604574919975,0.0014701198507210353
"mem283760",0.8199513401372207,0.2915569170459764,0.24587556453228931,0.3034533435895122
"mem284350",0.7806876945856391,0.3774059241692192,0.2795342814869297,0.14770018834414647
"mem285976",0.8155974250768893,0.2089100974227892,0.589691408941272,0.03577356574706179
"mem286148",0.8097844330128144,0.5247460334107334,0.17112622670713928,0.1270622715587238
"mem287935",0.9032130476480361,0.3968301746979633,0.3980212032885494,0.1311858954686424
"mem288176",0.6939345106512598,0.3023214672773155,0.4300021392588123,0.005481666289245645
"mem288327",0.8382649610835987,0.3264708660190343,0.3105622855699292,0.22283148360257327
"mem289193",0.7638081738653545,0.44996221348678606,0.3278330613681972,0.0065426797004180135
"mem289635",0.8070600137076598,0.40142692143054143,0.43280301301575647,0.00403910897070203
"mem290620",0.7547703795176013,0.6679366644742499,0.03718412662748917,0.08679898901164777
"mem290954",0.7126549751921297,0.35116162816551594,0.3719013412718818,0.02030989858420555
"mem291380",0.22613412686508305,0.21732508582135943,0.08737775898068265,-0.048027940763953
"mem292094",0.7534038673282194,0.18785004321003063,0.584527738023499,0.017134242950057575
"mem292169",0.7736494470649722,0.43820879346829666,0.327638529360074,0.03083098346102358
"mem292589",0.8099540701282633,0.5269670439630109,0.2336734616214529,0.0779192746902909
"mem292633",0.9288141698039489,0.6298441852754649,0.26529968942075854,0.06385440823881743
"mem295272",0.6700065385234283,0.29139252360712276,0.38955154783628626,0.012746717512929625
"mem296234",0.7107795225221845,0.284427101731164,0.4247825977788764,0.029484057486436805
"mem296760",0.928360493239855,0.5379411229457647,0.03502250213456298,0.37366491296946835
"mem297462",0.8391810665008769,0.33507299460515794,0.5052200106222521,0.030839194735727056
"mem297494",0.9595897260463244,0.4359439174379931,0.5174405523556955,0.03273987672217493
"mem297873",0.6357127117544165,0.49478156789061434,0.12900651131137927,0.03209748814459856
"mem299950",0.8479855981777651,0.3130408944305419,0.3732630847094714,0.19077152557046007
"mem301982",0.6511940344861611,0.35612178572160796,0.31323148032178594,0.0086335368860758
"mem302432",0.8622792023176409,0.26892387940399215,0.44620807352251113,0.1733814254631606
"mem302519",1.0369942214193728,0.5609806411684908,0.12244211789494419,0.36158368678916825
"mem302714",0.648314469953742,0.1414379785135936,0.5110332613781867,0.02029049792750549
"mem303066",0.6063140551477885,0.24006850365208737,0.3329972973444255,0.07225509497559886
"mem30351",0.48386479834975327,0.4503974979414287,0.041284285512270064,0.025361357582691063
"mem303885",0.7618168238076622,0.31297046303443343,0.4005849116968472,0.08085928835513176
"mem303928",0.7530478297068663,0.345544550608178,0.40478442935813247,0.01788211570978562
"mem304621",0.9661090480757417,0.6707496603102885,0.08491575413590481,0.2281478048717811
"mem305065",0.926550810552156,0.19723448693886958,0.7244869438498918,0.028495474053475748
"mem306303",0.5452021550794576,0.22275073940877377,0.3060392095694681,0.052221559486512914
"mem307391",0.8399423752913127,0.5082815738201016,0.2874285106721959,0.0675601567713773
"mem309732",0.7460974853148685,0.36348171405079455,0.3956919504290683,0.012763206378353476
"mem31004",0.9233965085228389,0.27304607251710894,0.6278621174258467,0.039119371596771764
"mem310342",0.8304799736104076,0.30316758357135243,0.5472223369298242,0.0035444889019751167
"mem311317",0.7132284968378844,0.18652697407577368,0.46643658439135005,0.08692583478676767
"mem31396",0.7386303562265187,0.5276699229619949,0.2086786182376442,0.032565490683448335
"mem316263",0.8755440589860817,0.5486776360706421,0.32699379221674585,0.023163578880109593
"mem317323",0.7742165213147573,0.22317154578833107,0.5608173387490236,0.023620882205667184
"mem318575",0.9282770876219311,0.2549471309423601,0.12107741239458675,0.5651871811836172
"mem320651",1.0028808300926473,0.19635977249134756,0.691626934762434,0.13137763595964172
"mem320974",0.9591538465899502,0.5229471558313413,0.39234859051390536,0.07153109596905134
"mem322258",0.9185770938934706,0.26269037987283617,0.6669848790812427,0.017327127083345578
"mem325609",0.6238563970187139,0.2997610033927323,0.22291809369072071,0.13851736447426688
"mem326150",0.8826007585147573,0.26348376478993374,0.6178388410749724,0.026047500868600772
"mem329832",0.9593989387013137,0.5512235058688436,0.3559002562197542,0.08042762511745674
"mem330986",0.5676214594187305,0.24054462707882746,0.32323910505134745,0.035961448260689546
"mem331103",0.7733218029552097,0.5159974665975274,0.17665611203664852,0.0890955388216706
"mem332249",0.76772321575944,0.3424210727275435,0.40483176104969104,0.04971076349890665
"mem333357",0.7609603173680561,0.1934119362381394,0.5484543526758932,0.05082843608897805
"mem333438",0.9783551546120997,0.6234471516557405,0.2582737357710098,0.11666950086668784
"mem336346",0.8541727725343993,0.5848051363078715,0.1780200322390638,0.11063623636921242
"mem336398",0.9226808468997567,0.5887641146096012,0.13240948291668975,0.2116332157896398
"mem337382",0.7647233604835377,0.3580235832945635,0.43646380637676085,0.007041871605402484
"mem339048",0.7967095533022532,0.447262954361456,0.2419284247430955,0.13119456902117926
"mem339049",0.7882989793864136,0.5594176179871001,0.23063766168641014,0.018024572287482568
"mem340205",0.8046559885006823,0.4284353992449985,0.15196833403547705,0.2531545960916257
"mem340311",0.9793631979114011,0.6658283810849495,0.2557734853316199,0.08340739703221511
"mem34062",0.8081100861757983,0.5781733757896059,0.2429281704045435,0.00865146927782619
"mem340625",0.9761465934617659,0.4082856949822705,0.47158976285394216,0.11986056864966611
"mem342049",0.8710493910680464,0.3249338441145421,0.5312437910733703,0.05266409910983419
"mem345241",0.8365000165772767,0.6265887726938426,0.10434719180506775,0.1280741325414835
"mem345937",0.7398318602846616,0.5243829485204626,0.22716457481243194,0.010513557501279842
"mem347123",0.8151744539178387,0.43553191351601306,0.1391559943096886,0.25701236344993855
"mem347533",0.7207340765812229,0.24364495037350645,0.3528335742578709,0.15450999142754643
"mem347961",0.6666532657441103,0.42882839899258374,0.20886523198808254,0.0615079032699169
"mem348434",0.7365494819546518,0.3002686186265905,0.40406983092618093,0.05956876967694695
"mem34912",0.776606160138969,0.3223386885995524,0.43306647309511914,0.043827410207992606
"mem349810",0.8833006059750417,0.7026134973799307,0.18263341238444308,0.014943321177110381
"mem350077",0.8496098902655241,0.35397673182810885,0.49447241422537846,0.01803005519482668
"mem352416",0.8710859774040131,0.4877839236982633,0.3854178905794863,0.03726284760590524
"mem352833",0.9691798205575007,0.3237738334664358,0.5251038138439533,0.14303688489579938
"mem353298",0.6799113246054679,0.36440222064845856,0.3310523849090332,0.020794139884599133
"mem35502",1.0252888334493049,0.2189874299180174,0.68298186349616,0.14985942744776634
"mem35633",0.7363885654521518,0.44958920504937966,0.2695858361729379,0.04591678142135559
"mem356339",0.7103591815148317,0.36157141836827633,0.32126458552542697,0.04861672590378982
"mem356609",0.7359348327941245,0.36904281609797257,0.37831086683864673,0.007358262952232129
"mem357689",0.6543358595333956,0.2629755334109535,0.3864382533458569,0.029926205889698434
"mem358022",0.9135341596045098,0.4339728900942408,0.38713372908072047,0.11746759854562717
"mem358311",0.7818192135179253,0.5046807572691931,0.27718354213611207,0.02455307146710176
"mem361324",1.069414419141458,0.2675543949359971,0.7369485191531348,0.08124527105294171
"mem362337",0.819514118422728,0.5882133960352584,0.21961762443463395,0.02524298755734201
"mem365122",0.9641316251687945,0.45970287963159884,0.4593147139110088,0.05092444523842281
"mem365533",0.6901857709068441,0.26383911887994244,0.42368371787655135,0.024303968509437848
"mem365988",0.668164489286135,0.2722562672575357,0.4305462793123375,0.0038771512443135795
"mem366407",0.8281847001986457,0.30926789383375486,0.4874944251597608,0.061170315597242605
"mem366472",0.919512361037999,0.494159834169551,0.42337792706112115,0.031785757788163595
"mem366818",0.8745830027453111,0.36301708447186776,0.4696121961166052,0.06296727214567906
"mem368126",0.8811983535829656,0.45922980534696123,0.4211132007020827,0.016473527178302035
"mem368303",0.6644182763580812,0.3766660405750635,0.2687378845236902,0.046564757181806436
"mem368307",0.9774678722579486,0.18633797848156525,0.44199884139608125,0.3756247926264157
"mem3687",0.8160049004156082,0.4296994177146737,0.37147374108205256,0.03256959116542295
"mem369080",0.6777783680409841,0.17363738667228076,0.5130556105601534,0.02966109436244601
"mem369345",0.6803504031315946,0.4386697667740883,0.2381418502618262,0.029847135456846214
"mem369368",0.9460723293749185,0.6005270669303893,0.29115002221004027,0.07171473628850615
"mem370716",0.767287766972981,0.36736068477224687,0.41137285077165703,0.012139905233810045
"mem371646",0.8131932239616273,0.14131809914917348,0.6643112331684737,0.042260958401995244
"mem373635",0.933532095458431,0.24256165924952458,0.6244794918422387,0.08881672636974522
"mem37474",0.48929033616410567,0.225365805988188,0.28466550885639424,0.014635971396165293
"mem376686",1.088592714636984,0.40870159995698574,0.5303721134320505,0.1799860016819159
"mem376708",0.9803999883351083,0.3709635764005655,0.34519910284335675,0.2817361672335638
"mem377719",0.7629164026587063,0.40188723907264295,0.3539819122415391,0.019851917803954275
"mem378085",0.647989644076861,0.37435668809720923,0.26877006748459287,0.03734196935286006
"mem37842",0.8078202045594648,0.3379763850715803,0.45114836573482686,0.04300280881739334
"mem379784",0.7673433453645352,0.506964534242427,0.25791320747044166,0.019634172616245966
"mem379876",0.7597667074549629,0.3005004535086266,0.31787069203461205,0.1651857216905153
"mem380071",0.8524724899650418,0.4481595289948004,0.42232542004359547,0.018511449001480888
"mem380937",0.6132868937259932,0.3362272993434129,0.235374109917542,0.06596582655497582
"mem382392",0.9371251244552672,0.2679351891160419,0.4835091327209515,0.21808351213235377
"mem383087",0.46888688662322514,0.18438504379446652,0.3038458311526192,0.014185192073868529
"mem383227",0.8719515676909066,0.5089454067336525,0.3709580978371759,0.010888484222138289
"mem383553",0.7772344786187688,0.2572074166163712,0.5101453226445878,0.03431815378700021
"mem383672",0.9581462024741483,0.3006323642925448,0.6444941148767294,0.02944557649090248
"mem386463",0.9963017398744478,0.49510769414614014,0.44323309785803666,0.08343795126828135
"mem388555",1.009247285900233,0.7363948538767751,0.1937248340822015,0.0942100418350878
"mem390090",0.9109513198046225,0.5229547475343559,0.36160766533417477,0.04815346764583844
"mem391726",0.6274657213418627,0.14779788237031216,0.5225866104361135,-0.00238645883743806
"mem392980",0.9682365043430753,0.7274631541711456,0.2414818042349419,0.03893357455766734
"mem393154",0.8574261479758415,0.5286253141186348,0.2971176867364382,0.05926766933994549
"mem395016",0.8551093257907607,0.5014099227002037,0.33916737062433466,0.030313469510457654
"mem395294",0.7603863161111309,0.33244773606323963,0.4415603070237433,0.015598864543636206
"mem396080",0.8834808168918103,0.38405346025194265,0.4141981832785354,0.09793312129237708
"mem39639",0.7102009226848497,0.5336407672578044,0.20844981312907176,0.0015709110024244384
"mem396394",0.7409585194302317,0.30581796160895136,0.4502148104225313,0.005236040200145435
"mem396716",0.7181877417799477,0.19903270441556076,0.46578293596325937,0.07081924231992939
"mem399550",0.6567629346013265,0.3076454951401131,0.3425432510449201,0.018286301108760245
"mem399688",0.7728979845798024,0.2268674765342857,0.5736436972413591,0.011458446655603565
"mem399717",0.9658941529277629,0.006052715785514148,0.9655373531335798,0.019380237890227078
"mem401313",0.8477527991817693,0.3474741936465985,0.4820531227872648,0.04037870038752702
"mem401388",0.8670571214669162,0.46402044164329653,0.1830423288932014,0.24652776451979566
"mem401559",0.7359244247502255,0.5309967778949829,0.16031833766631554,0.07433737027517365
"mem402531",0.8257820186579824,0.4434945633144857,0.3790175033002146,0.017776052484963084
"mem402793",0.8558195157004398,0.339349394032755,0.5319665523631533,0.004428527542419847
"mem404609",0.9640610167128985,0.5851230289692215,0.29480311173459006,0.09828734321352114
"mem40636",0.9749120668768321,0.42992014513216303,0.5108711353181,0.060447841123057885
"mem407615",0.8010768605866021,0.4335227340163893,0.3118486806924796,0.07610343844795546
"mem408017",0.7539486058934822,0.23946743075384563,0.506602080655955,0.03540114577032498
"mem408108",0.7813540885117414,0.4509059398847466,0.2119189664627814,0.14448966628338233
"mem408346",0.7998234803043363,0.422869367479813,0.37662418895975,0.031116609445229426
"mem408568",0.9419164359523658,0.512175332328571,0.4259720818490286,0.02608578857392004
"mem40865",0.974814916634689,0.23902455115284427,0.7249711778032908,0.032563376004723574
"mem408966",0.7933243837326956,0.08377583393804361,0.5606063277916296,0.18221354300518713
"mem409752",0.698498214300046,0.3856502392451111,0.30740528175674176,0.027627087888881345
"mem410635",0.9363446506093328,0.39721893898490046,0.5177177516411382,0.04066010543366227
"mem413895",0.7129503285775346,0.2253461061075256,0.3301852771923389,0.17310004229051787
"mem414056",0.9086445644666332,0.4013294905581417,0.46235225142385467,0.06669989456218914
"mem415311",1.02528214025279,0.48355000057367903,0.474038094842435,0.09475999028309773
"mem417789",0.8161772024807533,0.45200168337676705,0.35440619546835317,0.036131548458232535
"mem418287",0.18094038277850558,0.19885609587881375,0.09011460367335639,-0.0618521864921916
"mem41861",0.7562128093052656,0.6581278203289076,0.09884020544380924,0.02369937686970549
"mem41950",0.7860903579664381,0.19845113731925,0.5686370156641636,0.04753005415743039
"mem419548",0.9595938749594787,0.39237471518152833,0.3740327639001699,0.20798638079913023
"mem420704",0.7457434254729699,0.4205160406356805,0.29046687812835986,0.055825899200570836
"mem421592",0.725073197020137,0.23917392619984446,0.4976835316369225,0.016010751461455527
"mem422144",0.9435819821286283,0.25010233933035836,0.6553095493295247,0.06637429660788481
"mem424117",0.7803488750077293,0.3158196230059182,0.44538180918145054,0.05543426781086789
"mem424197",0.781160548879734,0.20685835607050915,0.5699077874624516,0.0455601988260054
"mem424464",0.7157365021285015,0.3009311979002168,0.38919922714160526,0.05291310543486886
"mem424714",0.8398370935465598,0.5430827011443111,0.28281236051125297,0.04583176269693818
"mem425054",0.7500077030945284,0.2115523400699864,0.5240695621793412,0.04537417194941932
"mem426046",0.8979021510874131,0.42822393825733723,0.44740507939891694,0.041417193891138605
"mem42634",0.8732366008778023,0.5058589820163173,0.22673942899198085,0.1626134281430542
"mem428784",0.8674641562278744,0.29934743907656886,0.3657059817998966,0.22816558524026212
"mem430063",0.8571472039620176,0.3301008285508465,0.4662348482250286,0.08157747141098023
"mem431763",0.9000816435599839,0.18480761934646742,0.7321387671517328,0.016092983200278275
"mem434467",1.0958095133964383,0.7032863678199025,0.34068747470125016,0.06767851063786567
"mem435590",1.4653794352270357,0.7349455659917321,0.6467769689028904,0.12393253082982993
"mem4356",0.7439515700399535,0.4084201757485817,0.23153904329588598,0.11878615432214254
"mem435611",0.8982007986438515,0.3484209249773367,0.5058803692917343,0.06296488895237558
"mem436535",0.9986076222884168,0.36978801374312054,0.6399675531005979,0.014886413248518448
"mem436782",0.6507565415164841,0.22817237902735898,0.40291449647543853,0.03773967234234708
"mem4370",0.742436511070165,0.3563813919695108,0.3908826285531736,0.01672840220342171
"mem43755",0.7857069686138575,0.4442021030343221,0.2620746341134035,0.10805554432660797
"mem437766",0.8656633386325103,0.2816829216026985,0.5386073746298099,0.08233892163094969
"mem438299",0.6996669312771097,0.2863186477786079,0.422690177988971,0.016699284858511187
"mem438640",0.724204580609063,0.517621178330478,0.18598269267802314,0.03657968195643357
"mem438645",0.6593115828960501,0.3452243816280932,0.3242225480112721,0.01596592214848757
"mem440494",0.8628174230329722,0.30834735743376523,0.47414599501791155,0.1071829348226907
"mem440692",0.3956610709911909,0.20549838673245,0.2324526063457945,-0.008710164606559994
"mem441629",0.6004868707282891,0.44790685813273634,0.1580113511423424,0.013900056291447607
"mem44169",0.6908924347623575,0.5313389161384976,0.1603837212785826,0.022741103396329027
"mem44203",0.8886734397512964,0.37477611728686216,0.5288130628772686,0.020151350704898832
"mem443519",0.8763793345366607,0.14104383409432827,0.7017346414293194,0.06585736646898063
"mem444084",0.8998105136797303,0.5445275775919456,0.18275611287784976,0.18997453174219242
"mem444205",0.9708736611994995,0.2553579066966907,0.6163617121015693,0.119406537071737
"mem444783",0.7301739733179891,0.18870640100654756,0.47749653527681235,0.09776167875628727
"mem445174",0.8112035751027888,0.2928820373515528,0.497971089378528,0.034992586330408686
"mem445634",0.8318036134215417,0.41341293183179084,0.37417740298291946,0.07064192069505398
"mem448130",0.7628185659249019,0.40156141871931794,0.33264899601294534,0.04965410495771452
"mem448892",0.7848914902057686,0.3519929679291889,0.36130912312958435,0.08393467896623749
"mem448969",0.9077881980779696,0.31950587660652974,0.38154604091006306,0.23025741164250405
"mem449102",0.8117586664336718,0.19394994925154235,0.5652909285315899,0.08044833795011552
"mem449226",0.9521543618746632,0.5930549837664404,0.22653544540806786,0.1660358117308485
"mem454848",0.8064656781758044,0.322627835929593,0.4931806408135707,0.002223843827171952
"mem455056",0.6755277932030326,0.48777634310108037,0.12117279982788898,0.07837109030812742
"mem456110",0.6784978755810818,0.3335775045462127,0.3404793414367594,0.030875875283061575
"mem457340",0.7213343338640056,0.5906449078611518,0.021885700668455514,0.12602189833693758
"mem45942",0.49635277657721005,0.3176643123041344,0.09876022933282766,0.1010075511690279
"mem460496",1.202725378193777,0.24760399530073504,0.862190884505261,0.13394448266242034
"mem460668",0.8655764157229713,0.4454278598009206,0.3991769597754333,0.04649932417343742
"mem461031",0.7426263170562556,0.30482329904878824,0.3308614739346105,0.11954696593840106
"mem461787",0.8245976259420599,0.42899990589877907,0.36318384634604683,0.04976405796280954
"mem462107",0.7276270817316716,0.1799921446037202,0.53930569566829,0.03149838110626148
"mem462632",0.9640199248816704,0.5822952961624865,0.34083715432657624,0.0732256869915569
"mem463223",0.8345803554259696,0.416778676530521,0.43118131356681483,0.011006448740868181
"mem463438",0.7090601324565833,0.35930160229722835,0.34431597872132597,0.026088425514685244
"mem465054",0.9153021554073473,0.5507320926222757,0.35916691635169035,0.031067316473494675
"mem46560",0.8949600921518068,0.5802554645314274,0.2832494665001567,0.05030484413928136
"mem466244",0.9305619264978917,0.3012578557351613,0.415055050305411,0.23547475249777566
"mem469037",0.7252954971043581,0.5489287883090173,0.17769350971546935,0.030033765316983704
"mem469103",0.4624258392992353,0.33232205051454333,0.09301504686881179,0.06796756006232624
"mem469635",0.833540178731458,0.4859413053997038,0.33964427643616324,0.026599382679566314
"mem470078",0.7381498755768074,0.3735100743377695,0.3855899774217123,0.001918078137861469
"mem470985",0.9376308362276934,0.16256267489294354,0.7527930866783684,0.04341489031199093
"mem471636",0.7673988581016097,0.31067968653605965,0.44436726525143805,0.0373814507330896
"mem472548",0.8155937988129619,0.15394025960989027,0.4958428273507474,0.18125727045464088
"mem472792",0.6552296648736706,0.21163265023962702,0.48002494081771974,0.004467801382128054
"mem473150",0.7584567657679214,0.1652632589061168,0.5284360181342639,0.07475150676230444
"mem473579",0.7039817900091533,0.39065722559198723,0.1727540807500576,0.16415583114584756
"mem47520",0.6255350729127144,0.3169003249326108,0.3193739960189757,0.014433144311085234
"mem476106",0.8339471205578756,0.37141602522023603,0.4285059374453773,0.05286406014201029
"mem476204",0.8671556510273677,0.32120822316443143,0.22665311478893208,0.34241109790921337
"mem477110",0.15525384435223266,0.2412020203785905,0.0007058378667597464,-0.057535038081313515
"mem477380",0.8166068837909335,0.1565217623472262,0.6498344501895303,0.038205295468827026
"mem477757",0.8252645070409891,0.5218270013051994,0.3081878674569306,0.02335168471294461
"mem478680",0.7698456698866086,0.21478566208195388,0.5111750695049322,0.07439464501967612
"mem480425",0.8324462000342749,0.34102689948276677,0.49777576858841466,0.018518050784466195
"mem481431",0.8501774313921571,0.609210480221122,0.22502901808509346,0.040829057561345944
"mem482318",0.9585549866135568,0.3254143907516531,0.534550509380336,0.11415022917348058
"mem482787",0.7013095209046702,0.4193569472789182,0.29037379412834907,0.013041019715975596
"mem483045",0.8299102777028461,0.38235896316080953,0.4382460473106986,0.041688111769493164
"mem483736",0.9943626501747902,0.46067279203316625,0.5108023458952757,0.04878093980301093
"mem484363",0.8565623938035022,0.3794763249075529,0.27582158284078506,0.2175343212558023
"mem485705",0.7760205245030023,0.2312617610844127,0.5587428861183948,0.009617570233396926
"mem487224",0.8986151212263409,0.5146950029440392,0.37692649733366923,0.03013514392292807
"mem487343",1.130792961787061,0.6698812539167781,0.37291402016072733,0.08741129924557683
"mem488066",0.7518707848342225,0.33130845354475136,0.4551062149768562,0.0026625556943308567
"mem488265",1.0282169068718008,0.35135945189138224,0.5938341586468627,0.10890522826749112
"mem489426",0.9163192479060789,0.5040079132768818,0.40675079173320866,0.01742958313083002
"mem491395",0.9807063291265349,0.2977800306762469,0.623971348148591,0.09174422120433362
"mem491666",0.96619426073343,0.38532443839595665,0.5289039743938001,0.07292358614876193
"mem492293",0.7149765661297444,0.21762763446610203,0.41371015106616726,0.10828814712352361
"mem495318",0.9903989004636953,0.3135666183816887,0.6798615718617345,0.023222391735578184
"mem496615",0.8747880218147921,0.6494363719000312,0.18446494522253648,0.06169199427714742
"mem497035",0.7162532850515406,0.16037865971602666,0.5200391080558451,0.05332221908907689
"mem497689",0.7839268310977527,0.673613610790556,0.11039063100592415,0.009666150946776765
"mem501411",0.8336271388137497,0.5761102551167627,0.2206160323523758,0.0493777237044649
"mem501737",0.8666271152649412,0.5047089007518241,0.38447296960794614,0.00644970605789125
"mem50356",0.7696844744780815,0.27353971407732797,0.4321541478598897,0.09864194275021017
"mem504902",1.1179334082084462,0.07651959418073889,0.7139321460126198,0.34655890159231095
"mem505130",0.7952212334647848,0.5588096645878087,0.2228509306900645,0.030720079265415767
"mem505569",0.9456033177803653,0.43027866826702,0.4694658508179141,0.07782261414617608
"mem507163",0.7724645559639125,0.245228249975849,0.4988962222489457,0.037970665838414686
"mem509837",0.875149454872686,0.2575144641271202,0.6172528476154637,0.023911083118273325
"mem511646",0.7463048008280011,0.254739662995069,0.36358764116343223,0.14616067585885373
"mem511682",1.0253173291907816,0.47972346554623635,0.4963599410813694,0.06600504483386763
"mem512688",0.6220790712166321,0.37436173776370496,0.24119026652063566,0.032389593393066865
"mem512883",0.8677151155938432,0.14353531983315596,0.7420760278807186,0.004844443743975592
"mem5147",0.6339388104505074,0.2829688189710309,0.3244890224738051,0.05874122340634351
"mem522767",0.5806746916854114,0.4242798134104635,0.17618463109562774,0.014691957694779274
"mem524085",0.7900907536987058,0.3434969740323053,0.43329782018382446,0.02795562512206653
"mem526258",0.9186006093781743,0.3372880828470819,0.577832938615762,0.024822013759191273
"mem527653",1.010011277205136,0.5504001344377977,0.47042662794858175,0.008132335542019494
"mem530734",0.8937500843566001,0.28607921666983993,0.590562364107332,0.04626257263449513
"mem531562",0.7134071991869546,0.5426800820311821,0.07729287333062805,0.10475566137844677
"mem532677",0.8091175137302444,0.37529879843284736,0.44707584879759316,0.021136681114109504
"mem533366",0.9540644335938891,0.40337177386338974,0.4977496609870811,0.05882086577254091
"mem535851",0.7367086242335253,0.402252377130641,0.34961578739156113,0.015768157252473693
"mem536110",0.7280359496975992,0.38931229334716433,0.35733801875315846,0.0023338455112469542
"mem537316",0.9366941809048406,0.5709612968170303,0.34686072516149824,0.04142153442415438
"mem5391",0.8280762096854868,0.10301866332579661,0.6657118582513402,0.08129527761242661
"mem539416",0.9353388526867804,0.09199498745068192,0.7512002036801637,0.1145641458318166
"mem54094",0.7933969523657776,0.37994588135067225,0.2957598723353647,0.15072538394968138
"mem541352",0.8855933549490593,0.3378341454130838,0.4215539163878527,0.14059809058221934
"mem542165",0.6345325266428213,0.1648832774593596,0.5092142311944947,0.0027128469411384416
"mem542407",0.8955736476118346,0.45188298093414314,0.4519544157105673,0.0180462242062275
"mem542642",0.8860992390401539,0.04935419080669391,0.6939315343031268,0.1638568074608458
"mem54272",0.7365303690746897,0.36812793589779935,0.3469259032684971,0.040035695937160644
"mem544067",0.9237105132013118,0.15120195285968752,0.7767021326620491,0.01692320147621038
"mem544582",0.9385999921490414,0.32777570436258535,0.5970577049318643,0.03329251112908403
"mem546034",0.7571904454216699,0.22229246923978657,0.5284064017398331,0.032759328699506
"mem546305",0.7925655747743653,0.3295500458726951,0.40161352296016933,0.08293752881988463
"mem546328",0.9622862361029647,0.5107875537542617,0.19778886831163858,0.2758560908222427
"mem546649",0.9001442142074383,0.34439841478620126,0.5368015609713165,0.042220970689378946
"mem547180",0.7500722760568624,0.2462980774703147,0.5212015534781661,0.015290730544646034
"mem547423",0.8096865341332479,0.3330963317232607,0.4910684209369192,0.02180895624339433
"mem547754",0.9393311279063975,0.33706302744114003,0.5768784183478799,0.051376820502788516
"mem547945",0.7222075432734508,0.2816389871629703,0.10428304763857162,0.345023975019397
"mem548032",0.7448215619912318,0.2633852010833433,0.5041686031721606,0.005010380825690729
"mem54894",0.9268819507742729,0.2746339871575661,0.6445657014306952,0.03281909931575289
"mem552429",0.5701952770248807,0.25957218352738026,0.32354321243836415,0.01723219617722229
"mem553666",0.7613486666921442,0.30575547499452826,0.413334204498736,0.06405322921105397
"mem553934",0.977641360423546,0.2660568283322503,0.6197873891473221,0.1144421636607229
"mem555362",1.001392529580636,0.2918506444444421,0.7074560633302617,0.02904950012574867
"mem555558",0.30080899159815416,0.1363727741791057,0.22193418143151053,-0.012867501038884099
"mem556646",0.5187540010754546,0.19678539606296297,0.3391171957131019,0.0076076179944744825
"mem560522",0.7729184320651579,0.44682660369301175,0.3534271215022959,0.0006351856785804998
"mem560541",0.7924928294167761,0.4066820132840505,0.36492704804649884,0.04697507472643826
"mem560950",0.8690773612838806,0.3581213163585662,0.3741154329237163,0.1445788191014074
"mem561351",0.7621382102877436,0.3877361067193944,0.30912469436436263,0.09146626408197725
"mem562175",0.9866133660867429,0.6336952757091965,0.3760084039634659,0.004788743699641464
"mem562945",0.7917810909650478,0.39241011642168344,0.2781797637943154,0.1453619956099953
"mem563996",0.8780560414153011,0.17729711699425893,0.5598328178261684,0.16446551078389415
"mem564074",0.8871369987221148,0.16950658556551026,0.6787702864406066,0.07237527783311053
"mem565181",0.6264717476011207,0.28818365710629146,0.36253091128066484,0.013090569977867393
"mem565578",0.7842252333016326,0.4075831510492197,0.321953732867449,0.07974834356635005
"mem566910",0.7218539648231918,0.4170156039188676,0.30464360373311683,0.03307544972456563
"mem569852",1.0154893470804345,0.1714813780721121,0.851556440443593,0.013295525762548529
"mem570631",0.9389215310695315,0.2468517369986132,0.6751368352795313,0.03715947020433629
"mem574255",0.9015901740431915,0.25580196555644896,0.6154390217831581,0.0471171667019891
"mem574888",0.9059448583503675,0.3871711726211031,0.5514664558472927,0.0002766826176304211
"mem57562",0.8288398568446343,0.08131954263681712,0.7187604814339439,0.05255550127770819
"mem57691",0.8473992860764625,0.346392761047128,0.4648853142296545,0.07174116645050078
"mem583564",0.6635069964305527,0.44537097409379744,0.21179593578443887,0.01954741283947214
"mem584121",0.8360759491749178,0.44707646056297656,0.39930923798975376,0.013390919248545746
"mem585370",0.8438581791417644,0.42302818551057203,0.3851745103679976,0.058708445212130485
"mem586764",0.8489875432446861,0.37238410263263333,0.4753767856359735,0.021667119713633474
"mem587946",0.7862791380180835,0.18571006389100256,0.6058948847099794,0.017134037103551384
"mem588203",0.7589558473868299,0.39454755893754195,0.2461186170991771,0.14398643135089076
"mem589078",0.8143390190519276,0.5245592365074863,0.2794930555872597,0.02837337705202271
"mem589102",0.9801353359651823,0.455137290585086,0.44715940310681634,0.10763059416461787
"mem590366",0.8464783002390004,0.5021172050286579,0.36643525230692947,0.007049325686857046
"mem590540",0.7527692665018036,0.37823466558124624,0.17010111570187658,0.23492468559766969
"mem59157",0.8964265373928714,0.7775012631327756,0.12612600132411805,0.0057611857428968224
"mem592143",0.6322431968283034,0.2409799449641722,0.3818459454602927,0.04677345217299294
"mem592486",0.6359743341579834,0.2162346381661362,0.43434329608726563,0.014349007819593718
"mem594051",0.923904621341118,0.4444559900552729,0.1809588393647167,0.318509126410767
"mem594585",0.9396775924945748,0.5161759404509814,0.10183751609914526,0.3433615340379972
"mem594947",0.8356556287810468,0.3033113930448503,0.38668303090049283,0.17190430229817674
"mem595017",0.8162380211640413,0.4621275956612446,0.36355366534154915,0.017743856768630207
"mem595320",0.8786978209811978,0.47510067031307934,0.38173127946583946,0.0402677221734849
"mem595330",0.8722711157601261,0.3522600852961192,0.14701178187213262,0.3924402892255032
"mem595580",0.8147035343979022,0.5493949612021227,0.27783815328892214,0.015760836647722563
"mem597371",0.7533277022548047,0.2504237707134281,0.4124448028705153,0.11142355966187287
"mem597752",0.748615282258442,0.27892465150240403,0.4076050991091654,0.09148323576596305
"mem598423",0.6680849747430481,0.35146792090766343,0.28866810341855936,0.04238176689611135
"mem59897",0.7623688555759718,0.39218606883742047,0.3598150536956751,0.04400811753525879
"mem601338",0.8915057640108595,0.3197969416006294,0.489563287397813,0.11040703803881263
"mem601465",0.7747823479577464,0.45211905774601263,0.26993779114403615,0.07028866799412119
"mem602473",0.7142670623085597,0.21641457954271917,0.49961361131193655,0.028455993991765714
"mem602724",0.7468793496030091,0.3870658056018963,0.34724641506273374,0.03431775612925059
"mem605339",0.8709387264274501,0.3742502133283716,0.5176104968604277,0.00362064698185912
"mem606837",0.7085230178200966,0.35961607067544066,0.3526564790851305,0.018866512352902307
"mem607428",0.8761456279478753,0.4777519921376306,0.1248355532914164,0.2989549737171775
"mem607537",0.8409630944523256,0.22270358908419258,0.5917811392831516,0.0521467028725315
"mem607801",1.0962799020851468,0.4607685533762888,0.5399339407298576,0.1246506952536657
"mem608312",0.938633434699061,0.25828605159648066,0.6894279514054436,0.012902806034735073
"mem608384",0.4825877124551478,0.013755710140199034,0.43673331870147003,0.05158810302119679
"mem608765",0.8838397031555058,0.6364482324786167,0.002109933385662793,0.2680786162688171
"mem608776",0.8907841064310884,0.38935678734164736,0.47152392266583937,0.04891954042012067
"mem610830",0.683348869797604,0.18704221159624979,0.5241343416006695,0.0018200168283973074
"mem611247",0.9551865368939276,0.8351769547537149,0.06951501833998475,0.07225053815074699
"mem611474",0.8639942518616088,0.47662395886777753,0.3926648773495023,0.01886381861593603
"mem61387",0.8592538971108407,0.21224588084671897,0.5977393916389977,0.0723786696927416
"mem614114",0.5651857558825277,0.3526277766507439,0.18362156401907961,0.05309363261429604
"mem615034",0.5131098705540926,0.21493949335102427,0.1013895591332015,0.2244997303325619
"mem615147",0.9429801533150944,0.16870521784078038,0.7408373444126783,0.06317248416123551
"mem615983",0.7149203024041367,0.2154445115320201,0.5326592012147077,0.008566694476510765
"mem616381",0.6451275702329287,0.4064546397614516,0.23767852285809096,0.03234649472674059
"mem616860",0.8625039672880896,0.2723532738164015,0.48278558235777186,0.12392946476609487
"mem617025",0.7425420955681565,0.5972419442445454,0.09013153850182433,0.07358107993665938
"mem617044",0.9863584744424054,0.09226345593409824,0.8199369551553736,0.09168422230593709
"mem618544",0.6941490900131042,0.35193299701797626,0.3310010599544568,0.03433637040082339
"mem618641",0.5170517748755431,0.07994435406296471,0.46772108148662367,-0.001673153204255746
"mem619964",0.7305219065407562,0.515100495967607,0.18872777355525555,0.06003184082001746
"mem621124",0.4771996279536545,0.3009771325692233,0.2129211836353881,-2.024573646878424e-5
"mem624310",1.0309491947505744,0.4036191587103943,0.15446639653305808,0.48488248682214247
"mem624890",0.8422748421033295,0.23134338565539658,0.5085502638914148,0.13346869539771294
"mem624971",1.0407324995131746,0.5598680626108878,0.4119810304523433,0.08475675385903556
"mem626682",0.8968504023411298,0.5324689973603636,0.32970865914009406,0.07010144706295991
"mem6269",0.6686150476726889,0.36828096879376004,0.3285620987677044,0.01224601776296919
"mem627572",1.0440534957240561,0.32515200475610145,0.731945581643233,0.010011877283096748
"mem627825",0.9053769157149109,0.33123142995502874,0.6010963041686548,0.010535153186897617
"mem629879",0.7704532101020518,0.4196349348898645,0.3088687391406332,0.06926167893095136
"mem630388",0.8712702933219842,0.11040584644778856,0.5665155602177422,0.2234569682396139
"mem632675",0.8414175215669326,0.056940786220084985,0.7624687752212865,0.04944814713194753
"mem634318",0.9237436738233733,0.13218713825885162,0.6543889808438061,0.15676824473418222
"mem634961",1.131089877284878,0.3433497802123748,0.7392109932770932,0.08455075067469289
"mem636004",0.8977699559155026,0.544579660997157,0.2484060745908261,0.13044755464083407
"mem636835",0.6125103220943175,0.2016444455301844,0.4217031913326337,0.019129360352181067
"mem636951",0.6968126232757544,0.32251422321119083,0.3582377274794689,0.0351592579070694
"mem638553",1.1197941776851876,0.5339473895727467,0.5012859845617423,0.0936647421653369
"mem638674",0.7858230545886229,0.49893624418046784,0.27137011556782614,0.04412604336872342
"mem639066",0.802952844335291,0.36473265156405354,0.3791883732428014,0.0662170279451053
"mem639576",1.111743388810326,0.6277987178222588,0.4698020807865146,0.02749632241614241
"mem641113",0.4301675633043219,0.2450822144899112,0.20892321061538216,0.013876494225335847
"mem64233",0.7635159256463688,0.3272883782155362,0.423408461646001,0.04272556667953194
"mem643044",0.7915848958228495,0.5152549650035769,0.26454690603783926,0.035027691700153116
"mem643114",0.8455255769130797,0.37410276788682884,0.4622182366229939,0.02242244004785973
"mem643718",0.7840683468119867,0.278677058664551,0.49349771051001406,0.038204294620424656
"mem643994",0.7402715901890784,0.2936260413196245,0.26074523040135034,0.22277455344717112
"mem6456",0.7289579355365883,0.3315118799030425,0.3855566264559772,0.04042216224785506
"mem647897",0.8721829071623939,0.48250921323924967,0.40833665878754954,0.002487459800271893
"mem648541",0.8331205279948047,0.5012612728060293,0.294898994357078,0.06534298583352187
"mem650572",0.8340244847369801,0.6744016298943936,0.07788247704714896,0.09289274122989465
"mem65150",0.808066343889729,0.16060520659139033,0.5539847540038123,0.11147322744403607
"mem652360",1.0011845550458771,0.5714130508925559,0.35536343895620104,0.08335802535256082
"mem652938",0.7708151674885535,0.30614532794165084,0.4932964328423001,0.005922097810865987
"mem655496",0.7063409553445108,0.30307480131961617,0.4200110300159527,0.015311737081464709
"mem658568",0.5904205622186526,0.2954353263915876,0.32178514972448724,0.001024065197170625
"mem658696",0.9539648542182431,0.4963087857176138,0.34686065227557644,0.12628473736981574
"mem66026",0.9930230596462216,0.430039337687364,0.1279903733110445,0.4416145042360187
"mem660385",1.0212846038325065,0.29560919522694173,0.7467451982644213,0.005279072978069342
"mem660695",1.0039227104437716,0.10216007503180899,0.918842134795097,0.014202266225223283
"mem661170",0.8821059168609274,0.552183560330981,0.28447468218948607,0.06962633255209486
"mem662645",1.046134469922258,0.49319060339527976,0.5016696305540802,0.06828128021686364
"mem662776",0.6928241478992049,0.1922681116676997,0.44292314554891293,0.08413939485194244
"mem663174",0.818635890947411,0.3790963100895808,0.3882027447022423,0.0712643967822122
"mem663822",0.8846796946651365,0.3515480842355765,0.5069309000953697,0.04627334447623106
"mem664484",0.8298647734699937,0.22024884054560487,0.1300499498813598,0.4998070692333672
"mem664742",0.654721351426668,0.23726685363679068,0.3720837854051994,0.07956527053369244
"mem669820",0.8518857918236052,0.0722951830749006,0.7328925084343542,0.05989862582460501
"mem671458",0.8583432585163333,0.5196138666031618,0.2375362448356952,0.11945559088399603
"mem672895",0.7631472088995556,0.22485570569991578,0.5054163536378662,0.05976468029436837
"mem674070",0.715240139573445,0.30364762127558764,0.4089843577682224,0.02717336641124577
"mem674381",0.7593231603408587,0.6058428601551499,0.15776479191778442,0.014522804810989073
"mem674412",0.9020430220528972,0.44614363752113184,0.46144017714559404,0.029458424919045937
"mem674698",0.6486080759338103,0.24802211067959157,0.2058189244324236,0.21276610795630937
"mem675997",1.0426728370548621,0.4445092270311407,0.575610465488462,0.04086309550303793
"mem676453",0.9151225758247987,0.5998809602077668,0.29562993718751995,0.04222680125727576
"mem676684",0.8272699483209234,0.4710804399453741,0.1825948812473199,0.202265607431912
"mem678304",0.6375077035404275,0.24555190675284524,0.3884388054229565,0.02436057207646951
"mem679014",0.03360101476086056,0.07728534856777583,-0.011219438251926474,-0.010428029672585328
"mem679759",0.873206244547843,0.22560578979100165,0.5163263836106624,0.15411331563687228
"mem679971",0.9764757445015033,0.6053390367633884,0.351348854808296,0.0332933864884528
"mem681051",0.9715199223001093,0.19842675695095396,0.7085479039733751,0.09109699766711125
"mem681815",0.5324007030149989,0.3917032110615162,0.16339282301286567,0.013478882609264995
"mem686118",0.7113494564897515,0.23955313728247868,0.2521542319526128,0.24496174184654404
"mem686677",0.725943512494148,0.1504823709671426,0.5003271498191417,0.1112207431519448
"mem687048",1.0203957360644071,0.29826752675733126,0.7281992024142246,0.01655746761862113
"mem687528",1.0407175249385665,0.7233105725071467,0.27504011175438237,0.06467900626609013
"mem689329",0.8676656563649982,0.2500668629977634,0.5487519003515233,0.0913277383469817
"mem689375",0.6126395973311918,0.09820145998490379,0.5227127956064023,0.035337211126376694
"mem691252",0.8096973142920136,0.49441005080688505,0.21498695783466074,0.12031890664877774
"mem692577",0.9642629111682536,0.43154216403487167,0.41920333800869913,0.13775565030070316
"mem693140",0.8191314693673643,0.5660488445422401,0.2597856268659632,0.015467284737323003
"mem693195",0.9385071005216106,0.4671145772093973,0.4768764713785367,0.008248909414103493
"mem694545",0.9337017996619558,0.3587190059965287,0.5591687059980643,0.04045888496664324
"mem695646",0.7888072898363804,0.25947990317319264,0.5224613156407641,0.04195447221454381
"mem696275",0.9314430149733887,0.47727367155291245,0.4489311379623986,0.01978986648652198
"mem697284",0.8290676995694267,0.6669479701985632,0.14669293531247765,0.032854337307530596
"mem697984",0.8883848501270106,0.7483972175153759,0.14934900028088943,0.01169103952887835
"mem698090",0.6207075444485314,0.12862871688277513,0.5134160776074187,0.007304994914550132
"mem698282",0.9549209800151892,0.23038567218902944,0.7281548539682748,0.020026152092087017
"mem698874",0.5116524355237839,0.005481146576946611,0.5169479478405083,0.023198430180955756
"mem700109",0.8792035021073266,0.35241200765997704,0.40039917383460494,0.15580155235294718
"mem700418",0.8429614170196514,0.42478781315453296,0.42922944358327486,0.010825357049888091
"mem701411",1.0931867834231943,0.395910153032213,0.5802038571551792,0.1312323893779066
"mem701893",0.9358231323862003,0.3433521778421145,0.566837649497409,0.05333045231036606
"mem703301",0.8214824453512529,0.3897736045833521,0.3351344911447917,0.12053344209378278
"mem703468",0.7030183243520081,0.1812907335479804,0.5276278581574357,0.008073760325186334
"mem703656",0.5772564601353899,0.2844562469094533,0.123435650757646,0.19476737061213292
"mem703975",0.5048531974868098,0.30762609223340986,0.22566207924414028,0.0009075153191987209
"mem705590",0.5534362662575436,0.36117740918261443,0.2134432616121392,0.008058419553878742
"mem705900",0.7228424811190763,0.3911700751163192,0.27119535817014734,0.08736807281716717
"mem707328",1.1044717746804733,0.02445905253240798,1.1064572181960406,0.0007617732723999738
"mem707832",0.7090917459860869,0.30189450344634017,0.3187564336753528,0.12038602667550052
"mem70954",0.6628659075349247,0.39105636038170893,0.2500174752334188,0.0494484049589013
"mem710033",0.93193512709299,0.20834368881533855,0.5721910693761755,0.18406517571617112
"mem71007",0.8599053019738664,0.08859596379969206,0.7877139258544823,0.01005970680717275
"mem712014",0.8597345575168173,0.2909961693398538,0.3744067539378815,0.21490068498826137
"mem712049",0.8686992174018967,0.30906885730873945,0.46479081154516555,0.1220960671189964
"mem71519",0.9844034654222635,0.448102224669762,0.5557733371327327,0.0011458469376252006
"mem7155",0.7550279395237193,0.35524115940752,0.4216057848321568,0.011982407835725697
"mem715777",0.8255831541425379,0.12356074374884916,0.7184692728276569,0.008476748386363316
"mem715914",0.8356029605099762,0.5273782135621579,0.23534688605465842,0.09474310975788672
"mem716546",0.7333040919379061,0.13810219835284912,0.5828444718413204,0.036252429549905346
"mem716610",0.8475336269760011,0.6128546576441548,0.12459873965815978,0.13114901697513412
"mem717722",0.1708042079960854,0.041192734623142144,0.19738286654322107,-0.02805638983551547
"mem718674",0.9012532139030948,0.3605894349259742,0.4438705723533051,0.11440195507456234
"mem719057",0.8711404024901671,0.5654043973986006,0.2972633589494769,0.03234985410236188
"mem719463",1.108670342961832,0.3950004848336053,0.6126926576144529,0.12261096113787592
"mem724344",0.8681549813740908,0.45598850862342916,0.38977058885988186,0.04584971775627903
"mem724383",0.96590783368655,0.5017426394742394,0.38865222865297244,0.10070595094953948
"mem725003",0.7528004888572427,0.23708147189793302,0.5070785009983153,0.041463876446689044
"mem725603",0.9215995948834379,0.4362854225159024,0.3145156554157398,0.19222734798501262
"mem727374",0.9446488981388215,0.5670461724313254,0.32310600046285604,0.07998209389448156
"mem727605",0.5895672142597991,0.07383958544450128,0.3912628849671025,0.1469083517063899
"mem728819",0.7100253822349514,0.22062791568522866,0.4453893266757013,0.0750855485250857
"mem729404",0.8678898430982069,0.4115934392020865,0.39040845257649837,0.09414450660582632
"mem731567",0.6638148369528443,0.5466324181640988,0.126313000994513,0.0075092318052836894
"mem731645",0.9102207252080441,0.5117559739212597,0.39029075104495786,0.043360493509755155
"mem73322",0.8809975201667885,0.25763350935196605,0.621899103782252,0.0360523399873258
"mem735000",0.8266346253631904,0.4647440855748698,0.3161417024862794,0.07825467792101515
"mem737890",0.6487732677433664,0.41785616225392075,0.21800142879556977,0.046968918160509625
"mem738365",0.7605210422949946,0.31519206229358837,0.4178561277858892,0.05706845559308328
"mem73862",0.9823008237862764,0.19523981496484064,0.8052201053279907,0.01689691931104034
"mem738771",0.8964528985391326,0.5797932804689097,0.290765944255805,0.04981653734035898
"mem73880",0.9388651714208529,0.45021512734324726,0.5024908407498911,0.017574877083449434
"mem739773",0.777617165462466,0.17636482692884375,0.5835855521975857,0.06196270646580089
"mem740464",0.7907447796419408,0.23730937370737842,0.5001331176381314,0.0803107890479813
"mem741059",0.6600166205448501,0.23844862303807263,0.3707355608153037,0.08051864711428125
"mem742295",0.9028890425229562,0.6610245452822336,0.21789174126508226,0.03855476726802333
"mem743062",0.7464208877111366,0.19406084349992037,0.5768600601577745,0.011211602333127527
"mem743785",0.8320369652306558,0.2442344062913232,0.520753630330577,0.08776058087674425
"mem743811",1.0917281841195174,0.43682115118361176,0.5903768701269453,0.07909107320928677
"mem746037",0.773333441026117,0.5350110329017828,0.10910252701994401,0.13527115665966546
"mem746268",0.8508877240671971,0.6240371164231995,0.08737043112409447,0.15946235687822888
"mem747752",0.815666141532751,0.3707161571224571,0.45260746582988265,0.0175600414660229
"mem74863",0.855049474671233,0.24886380593041973,0.6057861289970794,0.03448958272178115
"mem749040",0.7951249219202468,0.7307296592731714,0.043036019762732226,0.03847620454736022
"mem749607",1.0014547282142099,0.30459400657257313,0.6735853297349882,0.05021328354563746
"mem750536",0.8541674248434958,0.6442035602524465,0.23591190373782367,0.0030461820602759307
"mem751194",0.8756224170817111,0.6223993637882447,0.25745965861788883,0.01524706884551683
"mem751609",0.9615226267555077,0.43344134269716483,0.4563846345102123,0.09057645322165195
"mem75206",0.7079689231879522,0.29817015901087285,0.3419148644798347,0.0912335717473295
"mem754678",0.8301656974131203,0.6252352315175789,0.030329721660777846,0.1905000059593407
"mem754951",1.1375027253031513,0.4233084007340658,0.6679464339680664,0.05289857205817471
"mem755406",0.8223428423093178,0.3741226356537719,0.3712777811880353,0.09687792702296041
"mem756357",0.5751856101048212,0.09191715880546063,0.47683444079128406,0.03749075992908514
"mem756957",1.263383187649166,0.12929333633966095,1.1459367835728898,0.012877337762311692
"mem757750",0.729542746904243,0.48901628593576907,0.24701931701739643,0.02037475045129994
"mem757866",0.9233797394472358,0.7290037003399122,0.17687375472472483,0.03173491175102793
"mem761268",0.6557319881573792,0.22101293463531935,0.21780741495866013,0.24371245295886773
"mem761690",0.8336889278275676,0.09524637909025929,0.5276563146841935,0.23288175159971397
"mem761734",0.8522179148239195,0.5915785403207341,0.28302809479415814,0.004538880138892677
"mem76175",0.855744159057109,0.49829096699356396,0.3572407875848161,0.027750409657209665
"mem762481",0.8950404801421,0.5785173826187847,0.30889943054310665,0.034168425363120716
"mem763570",0.7877144834765875,0.5242737805182405,0.19427641647817212,0.09119707686003486
"mem764738",0.7005319273668905,0.17465738160444558,0.5447625956930202,0.018926118448072158
"mem765152",0.5370289299222947,0.5247032845631543,0.03351462952932692,0.0026287198788606633
"mem767187",0.8598848661816239,0.24800606415735726,0.5757304739886279,0.05716166203843896
"mem769692",0.9412279214402335,0.2692302708238322,0.674143007222043,0.016683335252598613
"mem770239",0.7621352684254885,0.5063481603218131,0.1880536932026227,0.07978805176649162
"mem770242",0.9753892657344992,0.14361033326914113,0.8027223969159906,0.045140838558743505
"mem770455",0.8017842462198836,0.14681522347665532,0.551866927120687,0.12110772610873864
"mem770768",0.6712908805007274,0.07220677660678695,0.5707749687413078,0.05836749712920875
"mem770912",0.7894080592435685,0.16132649264536056,0.4311063522416621,0.22460597262555937
"mem771269",0.9046972903855507,0.4771318876388338,0.4034597795916106,0.036845572987440144
"mem771729",0.8839399012927867,0.18113916582451514,0.6251806641924952,0.10535439457357623
"mem771892",0.7027547159455843,0.188503353709942,0.45568336770804113,0.09185330656695098
"mem772180",0.8307281142938713,0.32453148196908366,0.45569777071745843,0.0686316567383216
"mem77432",1.0105232082638853,0.5912842491596826,0.3093874638283785,0.1294264767925044
"mem774566",0.9768284770905511,0.34008747380081217,0.6440002021628667,0.0064548497791258866
"mem776685",1.0180716489214956,0.7660766096988834,0.1306835059768035,0.14636542622130347
"mem779238",0.5657535959577559,0.2209226691606196,0.3402392073712517,0.03709265473593651
"mem779491",0.9794778066049643,0.04135443738421646,0.8631257591123994,0.10057739800636195
"mem781091",0.8646731068636975,0.43146216490324835,0.43672322448319517,0.020834615032854373
"mem781706",0.8836646141112389,0.7143335932057351,0.04233992293384488,0.14284013935171588
"mem782233",0.7500512453006217,0.22449923176578596,0.4100735246592288,0.1349712289702949
"mem782384",0.8655047274188199,0.07214767398381475,0.7130799011842607,0.09836392864536725
"mem782945",0.7616329876557542,0.41010597187563413,0.3751879544587338,0.0060595392229157215
"mem784480",0.35331828064615367,0.06590812895028708,0.34664035063744775,-0.023313047869095396
"mem784698",0.9600458132364021,0.40480144416658603,0.5509047303038033,0.023012350144841837
"mem78484",0.745875458673254,0.21656942632288928,0.3923390875579128,0.1656191167509997
"mem785301",1.031054322552937,0.507287867397994,0.4872737680267057,0.0670286994110507
"mem786265",0.7507034268927253,0.41275304308576727,0.3352493380030833,0.03319194508581451
"mem788997",0.84687344108665,0.5171411562427327,0.2961553875130634,0.054308492837307126
"mem789836",0.7372366390001182,0.21871535375434448,0.5209472860667224,0.022746667471718496
"mem790955",0.8072060360011091,0.10055041055000447,0.6545192359083591,0.06952377148784501
"mem791239",0.7579991726630688,0.09173514160126141,0.5330763345172542,0.15695593173515124
"mem792465",0.9659773160179338,0.36304335643370444,0.6387882335949235,0.0012304261471585921
"mem794459",0.8478150099485716,0.3766320886148076,0.4697768018875234,0.015718258441766927
"mem795182",0.8080194305960459,0.5918351724484945,0.2193576266006542,0.018929684743720726
"mem795789",0.7726655079261892,0.39262463027982203,0.3854953006223102,0.02349715480093615
"mem796806",0.7394162545596786,0.07462920062732831,0.6755974675890567,0.01981731111276185
"mem797443",0.9892516828285359,0.3678641283411618,0.4920516802877342,0.151274235042117
"mem798726",0.7712372511338146,0.6660998630578158,0.08997699668828468,0.029042397322398255
"mem79975",0.9915508020801984,0.6998825511036366,0.23777795370979127,0.07697973003828616
"mem801198",0.9301065516395998,0.6649340876862011,0.226699514997861,0.06825560504007828
"mem801261",0.9236417230575151,0.24861796249553297,0.6001042048504205,0.0904137458792738
"mem803062",0.9117926689419106,0.3360207489520291,0.5219450485629993,0.07831756420602158
"mem803911",0.8124354233448313,0.33442866325501125,0.4986695594806389,0.001083089578626945
"mem804062",0.5893835890264343,0.27406297553910614,0.3329452208751553,0.014142422899691032
"mem804339",0.7144281078297308,0.32818232227799937,0.19567324028776803,0.2130516981504251
"mem806249",0.6797603964545044,0.31294149836556384,0.38723354300289126,0.011655154798391628
"mem806419",0.9411022289725651,0.2072118632039917,0.7338350593856415,0.026955617933311953
"mem807955",0.7565239041302361,0.4019327089912601,0.3402534526935454,0.04108454769789304
"mem809068",0.869133355325424,0.5384659848150347,0.1853151237280937,0.16934754851245448
"mem809765",0.9822548941289349,0.06764371287380275,0.8713864235548239,0.05982741770328023
"mem809908",0.8886657542717671,0.6980855145384379,0.1479886859649486,0.0511494140738437
"mem811117",0.9706820472456212,0.4369162717470981,0.5487449655243571,0.0034948798002072848
"mem811612",0.9018727277421472,0.08466993433938275,0.6169495722513607,0.22579334297993098
"mem812158",0.8096531647554199,0.3598050539218419,0.4210821856960714,0.06009131437250294
"mem813234",0.8050259658898743,0.5109705627811174,0.24970457709172345,0.05659372994708094
"mem814025",1.0600074661983667,0.5582029387942187,0.48104353527798527,0.04049404192187755
"mem814034",1.0418673192122359,0.644809752999793,0.31517576283440174,0.09258514926728668
"mem815263",0.5194550133040803,0.22388551838727788,0.2923448535716879,0.028621849605118415
"mem815459",0.6203133644941311,0.2820925693852554,0.14695152940645048,0.22136905188286823
"mem816439",0.8457397447782751,0.415651772300439,0.3029478564349053,0.15985620300440367
"mem817415",0.9482771737378198,0.24879488798817756,0.7229441328566135,0.010345201211435628
"mem817670",0.8963571780097354,0.6186031194376654,0.2859326536271523,0.018451081831369672
"mem817841",0.8245958225376374,0.3574184657512768,0.277726252448916,0.21679810282688308
"mem818034",0.8122880159514585,0.4165306750930743,0.2004872875013136,0.21618592105567935
"mem818383",0.9092243505169824,0.5541042241117393,0.37103403222182296,0.012065074167289839
"mem820173",0.8817682666711737,0.5507528177777827,0.33962734968868985,0.005956310790482862
"mem822798",0.9276825776887935,0.47500359790209634,0.41777775509474446,0.06081746291215423
"mem822905",0.755917889527258,0.21164099724462687,0.3763393839409308,0.19098205698673495
"mem823780",0.9528607890056014,0.3604198282991572,0.43732392409682186,0.1703427271368454
"mem82502",0.7878964433794916,0.3902240814749274,0.40232838731346404,0.017177433491755708
"mem826993",0.9325703181059971,0.358901620807057,0.3234619795531662,0.2666207886546277
"mem827192",0.7641784616091573,0.4999113861763255,0.2605181275020342,0.019231241548876607
"mem827632",0.8210122383618261,0.4023996527490381,0.381123696716689,0.05220014862757387
"mem827709",0.741137990278822,0.26299243763598457,0.42627938430000895,0.07037942156416518
"mem8304",0.7206271640760055,0.19050418449737014,0.5570422443910905,0.002964800151838555
"mem830882",0.7172634739784116,0.24811587464794002,0.4313003645366532,0.06707840274119996
"mem830966",0.7959863037118231,0.37760901073452435,0.42733783630764804,0.014616046160480867
"mem831841",0.6922760110108036,0.3182757589597054,0.4083677828866358,0.0038643892402383134
"mem832768",0.6322534553989219,0.3315176099999281,0.28119595601698555,0.04254459248457593
"mem834801",0.5716792613433482,0.21257424834990532,0.3828011237435422,0.011394352334629295
"mem835747",0.7985667884697895,0.3403146378728822,0.4806663526900886,0.00033474276854704807
"mem83718",0.9990931613633122,0.3319381167002432,0.6850016017026586,0.008959055899097061
"mem837333",0.6863074537124814,0.026593384439870662,0.5809000329033047,0.09295209159522033
"mem84083",0.8796644315694496,0.48706259066542124,0.3485922418103632,0.05018612995298591
"mem841600",0.5317349185606186,0.36446146697303217,0.12655162165563796,0.0725473878501011
"mem845479",0.7330066937808897,0.6343575366288696,0.0244684589008053,0.09458865139410202
"mem846266",0.7960635372993095,0.43226014792078427,0.020284710107507334,0.35684344786236566
"mem847493",0.6293717532646644,0.27073973148244496,0.35295398262557554,0.04001285867940244
"mem84943",0.8844580265877892,0.34092905723498085,0.512924914798905,0.04769129371451351
"mem849971",0.7949162036783325,0.12901404352228119,0.5463146031321724,0.14828577266134543
"mem850381",1.1238308642153976,0.40783884740600085,0.6696716266159566,0.05511802104007834
"mem850888",0.9775724498563623,0.5223908038571716,0.45141088024102277,0.02063095687551193
"mem851083",0.7908325582863464,0.1711630438715096,0.5735101368232144,0.0678078858259354
"mem852567",0.7689132151979766,0.2738382052758381,0.41523444585389024,0.10226204728950958
"mem853628",0.9220589534403906,0.29010073871973413,0.6560513326283441,0.01288179574095865
"mem854820",0.9380688453541755,0.46060975785644,0.45073810457735963,0.04092956124261971
"mem855369",0.9459376753663008,0.653856048394772,0.2678984513863164,0.04904997525627746
"mem856298",0.9027624678773704,0.5018346383895043,0.2658305701418225,0.16009686789716707
"mem85675",0.7554880411440822,0.16145041575017485,0.45855621502990085,0.15128177911326776
"mem856926",0.838210962856855,0.3540650254514142,0.3924053876746144,0.11965247022881231
"mem857284",0.7319503760880782,0.3610874829510951,0.39363835064069985,0.01229994164817802
"mem857554",0.8115695098043677,0.29488942993629796,0.0709496579404257,0.45996370078843674
"mem857690",0.9154767374564695,0.24565128356355603,0.6958913711963746,0.00880535827651636
"mem860107",0.9502563455992482,0.3150535758161192,0.6231819300930515,0.036415126116625965
"mem863330",0.8126342167320764,0.22275140079735856,0.5383722347386114,0.07312636631527923
"mem864959",0.8519618155683447,0.29073245013756815,0.383609133806374,0.188199263001993
"mem865587",0.7516999111564237,0.2137667220305109,0.5432986307891681,0.02533520430905512
"mem867734",0.7837459100518926,0.2625846596114639,0.5358524992155188,0.012033002977334594
"mem868206",0.9370819994083537,0.4016382220855973,0.4005844060128758,0.15365753867775953
"mem868544",0.8173073060565323,0.6098366455100597,0.21916541839765702,0.004755781552220386
"mem868926",0.8753430779589241,0.1069489147499557,0.740550070958566,0.0466855624435741
"mem869555",0.8434507805419466,0.4591112115383346,0.31678422046621346,0.09617380122357573
"mem870487",0.7492725988950748,0.20874356880385034,0.42859384475156925,0.1424247771394639
"mem870806",0.6364246683734158,0.26063106895171195,0.3909258902783965,0.00860971777373409
"mem872077",0.7219612919297542,0.6046879298314081,0.09743278041383885,0.03666172346150634
"mem872515",0.7022016757519889,0.34336591684127477,0.38409721368731087,0.000533107772369587
"mem875366",0.774164239305971,0.5647395202447595,0.23124465240633413,0.005076628919648067
"mem875501",1.0701015607361444,0.5889708584105469,0.4798440162193729,0.02041656621017985
"mem875666",0.7037802407166276,0.3094353866531455,0.3797214429082015,0.03459268026604039
"mem876471",0.8278601110816821,0.3209066239397907,0.33596440978287423,0.19210615241785045
"mem876566",0.9731816167406508,0.31638185639127814,0.6134377060910325,0.07029292827024262
"mem876864",0.8846605514752933,0.39390807320495586,0.39307395035120185,0.11851560120638087
"mem877719",0.6284918153929542,0.12050015278306674,0.5226023517839226,0.011131102190033191
"mem877937",0.5446736664120233,0.25990634469125395,0.08497420639811751,0.20628718483374775
"mem877970",0.7524335474433264,0.4079332445725331,0.3396334117570753,0.031222419001929708
"mem879431",1.0002428492575919,0.6353130860150764,0.3563706748237175,0.0272670641282175
"mem879531",0.8287571586638927,0.259633347871739,0.5276869823956212,0.06941246012544258
"mem880796",0.8573395226600222,0.3166740288295694,0.5422368072456613,0.016431353856476056
"mem882872",0.8973676674993778,0.36613223994801947,0.06469314418550895,0.4896586691603918
"mem883082",0.8525467283963043,0.4816517589505401,0.3508173264818123,0.039887791532822764
"mem88391",0.4395055866620222,0.21710848744149977,0.26117717663136353,0.01374289729559553
"mem885747",0.6011132227903867,0.32340784309228576,0.27749754677209354,0.02002679502984401
"mem885884",0.7448672997637287,0.24464849049459683,0.45284746184327174,0.07195739403085086
"mem886533",0.7304252643743825,0.31422027131568214,0.4019082200096558,0.04678913089176556
"mem887704",0.8545272313845704,0.2663932003894453,0.32792845880152394,0.28605403698691384
"mem889792",0.7355214618427574,0.37758751285860725,0.26349879597778864,0.11635847519439463
"mem889805",0.8296340099377534,0.17149835711828748,0.6870414059711365,0.0018656566927763307
"mem890727",0.8733746525987276,0.4724007756698177,0.42360010183765007,0.006710797013004153
"mem89076",0.6648187445263125,0.32851070715041614,0.3524541883244987,0.012343345891596197
"mem892308",0.8427164883611225,0.15814300035729245,0.6981341700906867,0.019271665012927836
"mem892835",0.8509489963666828,0.37797765094078867,0.4668317105628888,0.03628172962373332
"mem893971",0.773332163034873,0.31757125669589076,0.45991641756096874,0.02160344148335692
"mem893998",0.8292192459992928,0.16860835916759723,0.6105483934997442,0.06893564141250537
"mem894089",0.7347182692311027,0.31768746699596967,0.3942305817729639,0.0445712166623836
"mem894468",0.7895273363302445,0.3474569008034012,0.41834005965516574,0.04205747630359394
"mem895407",0.8162884629315021,0.3132421269898862,0.5022120536278735,0.02678152812946702
"mem895426",0.7699944018344995,0.19554105717658107,0.5168537201315763,0.07308298363163045
"mem895599",0.733540355318703,0.5291439815470783,0.14615185804189482,0.08039008992243311
"mem896223",0.6779943043303213,0.3476671178359386,0.2911960472079984,0.06438241123883248
"mem89657",0.7607920045757632,0.29711354214175767,0.4432208270867408,0.04344635390624388
"mem896763",0.7972393751003102,0.3599218514141266,0.39540841439741453,0.06438894942101099
"mem898007",0.9103838189131132,0.5516839941861913,0.26876287536002963,0.10873230900689837
"mem899470",0.8299934393322266,0.5079089711040446,0.2826929780264623,0.06626649699824039
"mem900261",0.9287774370638134,0.32897556369380654,0.5974482532248921,0.018352393391441207
"mem901334",0.8950149557094292,0.13491199932430598,0.6649805872613327,0.11267910041457863
"mem902416",0.9562718291627422,0.274040066169177,0.6554792700398326,0.05705472583904524
"mem903579",0.7508733255480643,0.272823794318358,0.4454986883284844,0.05621955658437345
"mem903732",0.8668861629592252,0.4428618502949701,0.4093146944466091,0.0478331200107963
"mem905762",0.7535337120511297,0.5826009755012288,0.16534986191210088,0.02173130093362442
"mem905768",0.8637911515325795,0.28619735588416895,0.5963103405989785,0.00515090538950192
"mem906456",0.7916595643196533,0.25883875132050105,0.5098544176697983,0.05486753100617824
"mem906467",0.7844690715956483,0.3204272649610066,0.45405338987192145,0.02860642621059496
"mem906782",0.8286832202850299,0.2528190462788592,0.5518530727817295,0.06075154330250067
"mem906840",0.7190242321085807,0.2922533822467764,0.4438684759771737,0.01070847879796052
"mem907154",0.5436117102958699,0.2133680292458095,0.3604532189646402,0.004947823351686226
"mem907207",0.8351086630586576,0.473755376181465,0.33549912588107217,0.04973018546296148
"mem909733",1.0005210181213398,0.2594345381759179,0.6619715575733166,0.10867851687276434
"mem910447",0.8910403984794855,0.05208502787761196,0.8115476818934969,0.05592805643839422
"mem911648",0.7614471326365315,0.4258094105153232,0.31097911449310367,0.05493927900940588
"mem912336",0.908960010224807,0.3169220096205422,0.6032743117448293,0.005027714183252643
"mem912786",0.8776911847877149,0.49508428511387775,0.30598230108624047,0.09040184667569268
"mem913052",1.0089933807923261,0.617920349206829,0.06249446644890001,0.3424292434585042
"mem913959",0.8933882247135334,0.24730911264367028,0.5978664574406909,0.06735734315111136
"mem915001",0.8296974666389583,0.34014874297837283,0.4589212106144834,0.052917344679625715
"mem915754",0.8103742248598809,0.042147232982092664,0.6027467173616473,0.18700100010928464
"mem916010",0.8067760573906326,0.4886600048991695,0.3225474266809584,0.015507611054337457
"mem916528",0.9303608810241084,0.3887237664358877,0.562736090470733,0.006689826541624015
"mem918182",0.9411801997786888,0.5631000147410135,0.3447290943039622,0.05079584831099535
"mem919328",0.5379598534199086,0.2217155458793475,0.36997572382812927,-0.005128171866685022
"mem919653",0.7215459967466009,0.6102411339133442,0.1181509789159423,0.02688045191644889
"mem919925",0.8851904467888894,0.11141554003855289,0.7632286445172725,0.032414231171028124
"mem919980",0.49736688539433477,0.12139763825234215,0.3833591232181399,0.020766309324249475
"mem922187",0.7389635481952576,0.4846829081720635,0.2600668524644124,0.02556006024892086
"mem923779",0.7550573471199752,0.36848360071952435,0.37765012443579365,0.032424924697569225
"mem924699",0.430988295125477,0.20451570343218956,0.31280175730318666,-0.04213860974750914
"mem925290",0.6552265768171798,0.35378029072676714,0.14163478525607973,0.19819154777197864
"mem926885",0.9455298612318968,0.039356240258253725,0.8987935477546869,0.04002601482201473
"mem928728",0.6880696786688556,0.313820139240382,0.40172642353023735,0.014109120736684203
"mem929342",0.9135170343381218,0.336544893587083,0.567998455515487,0.024634228525307406
"mem931395",0.9527014931621294,0.4557571942922929,0.29617376370544024,0.22214040008136232
"mem931784",1.0049344679610224,0.5776672448362766,0.20418549258544777,0.23605729762101924
"mem931889",0.9345128859451153,0.37683831723828287,0.5443896424239143,0.03129643376018006
"mem93240",0.8847467307599063,0.14217334570864207,0.7588240330190602,0.013393843835884748
"mem937160",0.8853638089715274,0.7319920755773939,0.14646466775988784,0.028489242812255077
"mem937271",0.9664000467156182,0.44249426587607454,0.5159903788078736,0.023806124310500165
"mem93785",0.8666645565050883,0.5658660743347818,0.3205824915451796,0.006347234820332759
"mem938125",0.7573165151705579,0.14105607348794288,0.3296254690378123,0.3134399315617391
"mem93822",0.839786035762433,0.29186369434026765,0.5566588427481332,0.021074603906298124
"mem938800",0.7334001118640517,0.18091813385659689,0.5538486590324511,0.021112762084399776
"mem940256",0.939069068877283,0.6718221335686048,0.16843722775086212,0.11705908868603772
"mem940340",0.7956670205626526,0.18668600294256055,0.30931511435857756,0.3189868335963059
"mem940934",0.7717412198289029,0.5385361803521657,0.14618922342857213,0.11051397071925925
"mem941276",0.9252954079714487,0.39249134130895347,0.5467155333902824,0.011974803222648532
"mem941405",0.8570781859660552,0.6574291247032322,0.20902222428602735,0.018586622014956672
"mem944986",0.7602195323950857,0.4325492173975347,0.3327025773105557,0.01484719591164723
"mem945203",0.7197405660313786,0.16828708568442569,0.3737745901384472,0.20778417490890536
"mem946122",0.5974567028992449,0.17484361406730436,0.39641013144249493,0.059437564184838636
"mem946931",0.654080296947727,0.21488003156501082,0.37335011074912117,0.08507239259326324
"mem947561",0.9194234985543015,0.2870637771043841,0.6204350828558154,0.035574797075344014
"mem947906",0.9782143609969756,0.4620867980862914,0.4947189469553577,0.05061164775803893
"mem949252",0.8918303589604754,0.4919356951845907,0.08207795326382485,0.32724472504245883
"mem950434",0.9573198719915469,0.4361360742952546,0.4837855206928678,0.06036053447270225
"mem950906",0.841311477988291,0.42120636331834393,0.3110791848241216,0.12757947665921246
"mem951351",0.9831779627900973,0.4764650688654802,0.4044881790788794,0.13232837064496192
"mem951692",0.8717964452521662,0.4186952720556225,0.4174574697647978,0.061087997720889006
"mem952680",0.8856600650104481,0.6320049357262214,0.21445258216723745,0.06681249291685415
"mem953617",0.8200160232865141,0.21118961069184605,0.6434804099523521,0.013066005976959878
"mem954194",0.7721139410600812,0.34100782011121067,0.38280107230974025,0.07714228269806878
"mem956602",0.9002260443299809,0.2883483352608073,0.6023336384761613,0.03282577054609523
"mem956820",0.6771996192980001,0.4070722311207544,0.2839913919089377,0.017341779215747675
"mem957305",0.8918246583014122,0.5964269348072045,0.19375160282311568,0.11930417570793755
"mem958280",0.7199329342644534,0.1980001544393723,0.5494845228133278,0.013084546446830126
"mem958630",0.9405052192945282,0.5020776403821015,0.23765515400672493,0.22409546939931474
"mem959309",0.776095744292982,0.5467239160354325,0.11364749771500061,0.1387096709274458
"mem959489",0.9158817884108013,0.6990586555451572,0.20177896381139895,0.0348795654805814
"mem9599",0.8234110105739954,0.3796257260444155,0.41510554850030057,0.04304121386137705
"mem960130",0.7121262074883413,0.3622187817737723,0.3730368476661085,0.007266659799836813
"mem962565",0.702180603023249,0.19868184929819777,0.5113277931321495,0.02452335755224831
"mem965492",0.6783682587149233,0.3128970706879802,0.3595411640516909,0.04252950159294185
"mem965862",0.6868170004669686,0.1780690869594647,0.44437915824244995,0.09262840028876572
"mem967732",0.830287777704755,0.4366762346520896,0.13777382541384242,0.27828613691613485
"mem968042",0.6542950278406591,0.23354954157880858,0.40732628045046343,0.054064507779062645
"mem968092",0.706150002336222,0.34634752338309804,0.38868484742496656,0.013177979134311391
"mem968839",0.5018167240033707,0.19246274182902878,0.3033269528168137,0.03854880597450923
"mem969830",0.9916499761082211,0.431875828243866,0.42786173026390256,0.14798797210059528
"mem969910",0.7120921900409443,0.32891293301256935,0.4001515142551062,0.010212988957935893
"mem971722",0.7007572376956738,0.28643575866341336,0.41469163118255825,0.03176376049872218
"mem971817",0.6625015744050013,0.3339142909791617,0.3548289095993674,0.010569840179405082
"mem973830",0.7589344814864745,0.4013470816361987,0.3710491123770036,0.009048581517243316
"mem974929",0.7646055050246187,0.25459447591080087,0.5330773408687193,0.008806374832246677
"mem97577",0.839796764987569,0.44285528191661827,0.22314368502937043,0.19195009309221914
"mem976220",0.7100917809792078,0.23939252210712378,0.5033375538153566,0.000606613014438736
"mem976902",0.7387025224383053,0.3592843765756123,0.40405542912038367,0.004711961935591988
"mem9773",0.7695217586085623,0.32433103350711184,0.45762664645903794,0.026375051606078156
"mem97829",0.7835894307677533,0.1663527984932454,0.5299273299229672,0.11456543286970003
"mem982348",1.0000061410839118,0.3208095069803783,0.25345787471271847,0.44317413614266865
"mem983485",1.0123408820177031,0.4116692239777446,0.5874481740288529,0.03848595878041695
"mem983918",0.7553684139862411,0.027553203487740385,0.5532791263656864,0.1977248159704469
"mem984444",0.7544741979493034,0.36914353402635536,0.3834633353718245,0.03204971866777134
"mem986069",0.9080176101898801,0.5384929767537092,0.24287687084926735,0.14238737922265776
"mem986312",1.2281926728020842,0.7221889527358141,0.4389452549481206,0.06702629609712635
"mem986882",0.986350581040739,0.4079727439626894,0.6008962762355851,0.010197869923445775
"mem987617",0.8228267868492705,0.22548540981901816,0.3100746495175046,0.29992349328726997
"mem989885",1.0594148043854197,0.7892459380341419,0.16589692155324967,0.12050214112934428
"mem990787",0.9501593494721251,0.3285050527090249,0.6378530227558717,0.01417179133770151
"mem991476",1.040358502411473,0.18662836507240402,0.7600465847144984,0.1175180882577407
"mem992651",1.0824592704022986,0.48886702939787047,0.6071091235468619,0.005676919480664457
"mem992857",0.8867832126781472,0.442838949366817,0.25799986078056,0.20183284485858208
"mem996058",0.8789140851320562,0.5441227551619837,0.2565394029382713,0.10365340873943778
"mem999685",0.8690438420019901,0.4800735733958106,0.3212397027785657,0.0881953975488226
"mem999787",0.916183120302511,0.5301366933231739,0.36969643358101145,0.04292576417042854
