"sample_id","d1","d2","d3","q1","q2","q3"
"mem100492",0.948390795,9.848695198,336.6190824,0.165619065,0.179680748,0.409624088
"mem101042",0.732596227,8.733736687,453.6766934,0.172104574,0.529451714,1.281018178
"mem101270",1.371596527,10.69674308,243.7793114,0.206783865,0.325804922,0.28977921
"mem101704",0.853550372,10.80869945,476.5525768,0.150481819,0.446579935,0.168423042
"mem10174",0.976320105,9.241444214,660.9312536,0.262589169,0.060751448,0.53980236
"mem101832",0.955675535,7.136488803,193.4176173,0.194683673,0.234305179,0.499471552
"mem103022",1.608533703,10.10730315,275.7722226,0.205511839,0.151037583,0.966978871
"mem104057",0.980650491,6.868475442,358.3320111,0.129846693,0.448839655,0.211321047
"mem104452",0.71794193,10.88360518,1166.689414,0.224212407,0.321259609,0.304683757
"mem104778",1.01014689,13.89217066,579.2020761,0.250168358,0.25476074,0.223018709
"mem105062",1.519724217,5.439333966,85.27273954,0.212773562,0.213905188,1.021059466
"mem105601",0.725909304,5.565079261,479.6503688,0.107145524,0.620656121,0.25895016
"mem10656",1.022835581,7.381259056,279.7150988,0.18508101,0.332172211,0.369672728
"mem106832",1.302206292,14.91281161,288.4223336,0.228717117,0.212082568,0.267336928
"mem107328",0.89656398,12.95714464,509.8248031,0.241918979,0.347570648,0.269549718
"mem108501",0.564680325,6.689119271,582.9027382,0.14183087,0.291424042,0.11692899
"mem110492",0.681626771,6.244404432,530.5712076,0.121063578,0.28030173,0.525091183
"mem11075",0.520328965,3.255563613,206.8904219,0.070834257,0.215683528,0.18604026
"mem110769",0.567153925,5.324504496,148.1385846,0.099049813,0.176888678,0.574745439
"mem111824",0.424358883,6.455166787,1398.224085,0.08127711,0.312207116,0.274577811
"mem112069",0.712800427,6.553667146,707.7037036,0.142117856,0.614960996,0.40118292
"mem112394",0.644762352,7.51159374,161.8021761,0.157953187,0.09055397,0.386095656
"mem113502",0.841667936,4.560049852,853.0967212,0.085534295,0.516757179,0.137044538
"mem113905",0.511900144,7.212108983,435.1428949,0.107409461,0.428148418,0.104520173
"mem115101",0.67802334,9.970719264,352.4834672,0.227187064,0.264490358,0.463974591
"mem116904",0.754778349,8.339092254,466.1673143,0.20100945,0.317367714,0.123256374
"mem117167",1.434652939,10.41355814,545.7226419,0.295271106,0.373978797,0.807084103
"mem118391",1.503503653,18.88269463,116.5753507,0.232749738,0.145109452,0.807763962
"mem119174",0.479484675,5.962976405,716.0597089,0.136017371,0.294049876,0.289963328
"mem119804",1.505760274,12.60585839,544.9258063,0.17407905,0.264512821,0.113731666
"mem120266",0.915726073,7.597774622,268.9791635,0.193098311,0.204755647,0.871893263
"mem120656",0.608202025,4.007304732,196.4398067,0.107508735,0.429694267,0.551100366
"mem12156",0.931559635,14.66052076,487.5302751,0.248851657,0.40701954,0.326062322
"mem124014",0.75513168,5.372161541,381.164128,0.0897607,0.242810267,1.204449179
"mem127172",1.5213724,9.204149959,159.0316538,0.254043486,0.142145323,0.427020588
"mem127544",2.661003775,6.80845643,291.6201637,0.240756517,0.089659053,0.822268805
"mem128485",1.053049662,7.654617293,184.9086964,0.171745829,0.194626849,0.405406959
"mem12971",0.8482062,5.968159756,496.8658997,0.173233452,0.297933084,0.450001306
"mem130774",1.449683318,12.88742662,244.5970674,0.237318921,0.324105926,0.231810856
"mem130862",0.859046466,9.657121799,294.8584668,0.206644004,0.148114056,0.307459819
"mem131124",0.708831122,7.090671207,626.1192902,0.128592718,0.328113725,0.337785175
"mem132459",1.063377725,6.191668756,582.8030853,0.257946703,0.132548171,1.283140627
"mem133311",1.08700003,14.29219093,581.7809304,0.273436933,0.218161217,0.061519243
"mem13600",0.517340603,4.58789892,378.5222251,0.10221953,0.513832255,0.437100109
"mem136303",1.407394949,9.089823978,520.0212354,0.293362391,0.12047136,0.347259426
"mem137161",0.476400253,3.89961539,461.5026085,0.094330767,0.352572619,0.192272526
"mem138860",0.844896515,7.60238572,391.5933734,0.222548174,0.124443346,0.396225491
"mem139102",1.375222357,15.56796266,682.9266419,0.254700285,0.110561707,0.462631483
"mem140394",0.627408359,6.268706705,750.0141039,0.13739689,0.419923848,0.389303105
"mem14089",0.831637852,4.767774263,222.3389428,0.099888357,0.521114287,0.436732619
"mem141239",0.657454365,5.860704709,138.2287686,0.111030419,0.201910847,1.282148779
"mem143057",0.724087419,13.80280009,1146.813485,0.145721833,0.228040074,0.217434374
"mem143402",0.779254663,7.497963211,471.685257,0.151623632,0.397946426,0.109641957
"mem144396",1.581445966,11.91324419,430.2492888,0.315784119,0.195772259,0.298089353
"mem144780",0.407093826,5.715886784,898.2007482,0.122335113,0.33825048,0.2104935
"mem145222",2.253185532,26.6609073,431.5940963,0.371095882,0.385296759,0.147984204
"mem145952",0.97438266,5.34248209,444.9546915,0.191850527,0.394243556,0.585901331
"mem146471",2.483462134,17.12279378,210.0879124,0.372909118,0.057116968,0.45022654
"mem146788",0.664641067,8.330649095,348.4213509,0.191535676,0.340953795,0.455853679
"mem147048",1.060425011,15.32567634,126.6032769,0.24512981,0.128390756,0.303207885
"mem147505",2.121251055,20.20996414,267.180863,0.305071928,0.11176182,0.223412914
"mem148528",0.218214331,3.207864039,323.273136,0.04825285,0.481355579,0.289152615
"mem152744",0.840179905,12.0661211,162.9820448,0.212368664,0.150585366,0.746190717
"mem154207",1.741379093,15.31187772,938.696995,0.228001693,0.222723546,3.147711593
"mem154215",0.900583797,15.3279303,176.4388777,0.274278803,0.140482159,0.163276293
"mem155937",0.752661439,6.014297129,201.3145087,0.121333527,0.343987792,0.515250675
"mem156343",1.211961917,12.94296903,808.0597274,0.252405668,0.134677271,0.136001889
"mem157335",0.954916123,8.946423677,398.9496186,0.171158539,0.30148687,0.251005288
"mem157841",1.077959539,15.02435929,547.2814301,0.330646896,0.106457368,0.336931101
"mem157849",0.922798155,8.224560224,724.8890428,0.244222396,0.280679137,0.539010297
"mem158160",1.134587496,9.653788825,147.7668028,0.18407892,0.044227551,0.466429311
"mem158516",2.440667458,17.37367127,209.1775324,0.29756462,0.140627034,0.420320347
"mem159264",2.677691281,37.29932807,225.8172647,0.387071764,0.180561679,0.172097608
"mem160729",0.384409169,3.643815223,503.4431126,0.023832045,0.600850439,1.47890103
"mem162893",1.053516164,10.43620334,454.8092255,0.210694775,0.21618454,0.135574784
"mem163301",0.523426008,3.52460953,965.3343088,0.065970288,0.258327709,0.453474516
"mem164144",0.794418657,7.951844372,563.4345189,0.13337305,0.34544122,0.204873579
"mem166285",0.731655828,6.137664291,838.8576972,0.05163761,0.481077017,0.02493607
"mem167102",0.602800555,2.666844736,212.7071953,0.108201438,0.357039495,0.32597823
"mem167104",0.415853232,4.489273874,225.9499051,0.078004959,0.521436937,0.522773685
"mem169291",0.765033402,4.172873533,182.9555184,0.120564903,0.428009721,0.451026527
"mem17049",2.221458011,20.19096281,370.6306386,0.338944142,0.178170268,0.541980756
"mem17087",0.426878344,3.480629223,177.130535,0.067809075,0.43594652,0.474805043
"mem172049",0.878840733,7.776630408,431.0678518,0.159995094,0.337639581,0.316280645
"mem174671",0.681102411,3.982135538,393.9043231,0.023311424,0.414890957,0.176690894
"mem175561",1.950057776,23.534395,497.8629553,0.367339303,0.048869183,0.689986857
"mem176360",1.774844876,14.2219895,388.8598996,0.242040452,0.214342349,0.698870827
"mem176566",1.293783733,10.51216861,416.8945508,0.188756915,0.230543338,1.113913708
"mem176684",1.127639449,10.65467464,404.1848517,0.225807269,0.051431402,0.539594838
"mem177665",1.206187446,11.13203229,838.3013866,0.272799697,0.350479481,0.024747532
"mem178024",0.568293193,5.528143711,668.2249874,0.131929493,0.335655993,0.329903459
"mem178256",0.878462535,9.061414605,469.3407874,0.101766333,0.419072397,0.371968442
"mem179678",0.631933116,4.274468716,81.15597034,0.070534493,0.186121286,0.507723536
"mem179704",2.685474738,18.3831789,334.5831511,0.29408906,0.110790374,0.799161939
"mem179770",0.512864282,6.306396038,335.9801785,0.151026153,0.251490297,0.645147724
"mem180025",1.63816126,11.07013865,231.703454,0.256204558,0.223658411,0.184461788
"mem182041",1.410124243,16.07231331,210.9399232,0.241395166,0.097453853,0.63369438
"mem182250",0.814274539,8.973232413,341.9649981,0.212592497,0.265532048,0.757381716
"mem182489",1.134848561,12.78896808,311.9024344,0.198555657,0.216041525,0.251840277
"mem182717",1.00217714,7.325835388,363.088899,0.168536922,0.248606556,0.267308826
"mem184027",1.153632294,7.524807333,191.5154758,0.16551636,0.320517617,0.223730535
"mem186361",0.780152273,6.897344609,249.1239711,0.099055544,0.32774107,1.172824574
"mem187079",0.836986972,6.248215938,365.7333302,0.147920069,0.412083441,0.728668394
"mem187772",1.380620782,12.23340137,830.9548677,0.260549881,0.509692035,0.15100328
"mem187980",1.159209019,9.484723593,255.7984901,0.227421638,0.434296397,0.399812816
"mem192171",0.527923769,4.472209188,271.1264211,0.084001346,0.365808175,0.612365041
"mem192310",0.49601067,9.159565037,574.6065213,0.113945881,0.339270413,0.943093743
"mem192910",0.424158631,4.036351278,429.1601415,0.055708111,0.431008733,0.521382045
"mem192912",1.000192465,7.759126342,249.5459471,0.194371356,0.395696874,0.254821922
"mem195517",0.61533701,9.245448352,142.437909,0.196113049,0.035428337,1.287607733
"mem1956",0.801317421,8.018235141,855.0011141,0.226024744,0.614148885,0.933063141
"mem195686",0.620741089,6.769799658,466.6225793,0.131028597,0.290247927,0.218685999
"mem195812",0.852362663,7.10116347,337.0370469,0.17525615,0.323375756,0.208586525
"mem196024",1.243101658,8.726117127,404.9124387,0.254399373,0.26956069,0.91599268
"mem197009",0.400755253,6.919929596,221.0415252,0.173278998,0.192123844,0.225028194
"mem197314",0.477440672,5.38454453,126.6615767,0.088274304,0.428257477,0.559713396
"mem198487",0.885254205,6.255942121,344.5084426,0.211870624,0.229594145,0.550050467
"mem199078",0.817941774,7.39921377,501.6450057,0.156643379,0.478390872,0.482889547
"mem200763",1.555482018,11.0901846,352.1246527,0.220374728,0.047285397,0.354038471
"mem201354",2.158541897,19.74086673,521.7559362,0.326233173,0.08119532,0.154832263
"mem204820",0.834811995,4.582828816,213.8649068,0.142266673,0.181963878,0.24101632
"mem204993",0.594936183,5.423816503,529.3695373,0.126921035,0.398684854,0.324919621
"mem205929",0.793923365,3.651473305,296.640577,0.130893106,0.176203079,0.552469424
"mem206557",1.367378685,9.205561742,739.8470567,0.181318624,0.746811789,0.73193335
"mem208099",0.428990593,7.076725367,329.5691424,0.084891794,0.40755418,0.212093987
"mem208654",0.269044947,4.782771667,243.3814829,0.049901891,0.1592312,1.92652914
"mem210211",1.523360989,13.85603833,422.5384461,0.250270549,0.265976476,0.285519864
"mem211307",1.076196555,10.33682905,409.725655,0.207394177,0.330672328,0.135419111
"mem211319",0.706087985,8.724770864,367.7145241,0.154811871,0.393547081,2.040964603
"mem212443",0.664652414,5.362586321,433.1571402,0.11934683,0.372118552,0.371074414
"mem212778",0.995790154,4.667796239,131.8706514,0.104717145,0.05445457,0.461136898
"mem215224",1.032348539,11.62039399,134.2077138,0.22838314,0.026069541,0.575962899
"mem216296",0.46162141,4.653433087,262.0374447,0.148351448,0.151089206,0.048076363
"mem218634",1.030679084,9.366753775,1339.913235,0.196063643,0.426514125,0.282079882
"mem219356",0.713974152,9.926660713,382.2154822,0.178999452,0.343983696,0.931673614
"mem220001",0.747938695,11.61820133,289.9119738,0.187728252,0.392090367,0.056180969
"mem220222",0.943750207,10.50333031,356.5492688,0.20014349,0.196143803,0.584937325
"mem221847",1.030587989,9.718392949,2658.468441,0.205403287,0.412339717,0.581367629
"mem222050",0.912396334,14.9426827,149.5780425,0.17832216,0.148195029,0.735546375
"mem222424",1.272704123,11.28201532,635.3366778,0.257153099,0.134072627,0.212693123
"mem222828",0.563741242,6.709893914,150.5636844,0.147355896,0.271340487,0.185029448
"mem223510",0.592556605,4.759759636,1305.555909,0.135755899,0.291455643,0.401057105
"mem224201",0.763901462,7.95331448,1333.965477,0.127721498,0.621915902,1.840691075
"mem224632",0.91065207,11.8705389,782.2823637,0.193634443,0.18655517,0.230394093
"mem224818",0.831649161,9.519418698,270.4866476,0.258544352,0.140958438,0.419198198
"mem225183",0.967946299,10.11851298,159.3584107,0.199473448,0.127308016,0.41168916
"mem227167",0.548788615,4.6953054,250.3886953,0.078028487,0.248309429,0.805156423
"mem227535",0.494561357,8.022061218,240.7596606,0.115602747,0.396806246,0.242264809
"mem227546",1.33015293,6.84553647,234.134691,0.24675662,0.129943282,0.543766402
"mem232377",0.60228087,4.757010685,329.9177315,0.087941501,0.256723972,0.224802805
"mem232597",1.100061823,8.769065184,669.9592459,0.229981884,0.238380208,0.323068025
"mem233837",0.827018503,5.286956566,575.8172508,0.146633165,0.420523534,0.688291764
"mem234186",0.522984542,2.986650244,1085.929103,0.048856566,0.519494728,1.219367255
"mem235443",1.253735674,8.492829249,321.6003315,0.275865522,0.245992482,0.442733829
"mem235739",1.220940688,10.27253566,182.0135049,0.193909699,0.165223193,0.589656375
"mem236270",1.06241104,9.787369204,843.1274209,0.185029263,0.425951234,0.400267239
"mem236332",1.189841711,7.871618084,364.5683302,0.26993564,0.253711503,0.041187387
"mem236700",1.321585108,8.065478785,633.8377574,0.220278513,0.227631755,0.719007783
"mem239889",0.496682426,6.854557999,422.5956461,0.08158595,0.547650597,1.358333247
"mem241137",0.563423396,7.014691522,987.1495771,0.165160876,0.467610091,1.200451685
"mem24134",0.773161213,7.184019825,374.7645529,0.17891905,0.231551354,0.266904352
"mem243083",0.906014934,6.249544827,159.467701,0.181763902,0.365070178,0.218812171
"mem244194",0.651889439,6.676487715,186.2429251,0.085127634,0.509912536,0.356394995
"mem244570",0.542589453,5.956963493,769.6713976,0.08357436,0.431690246,0.754145908
"mem245349",1.61886132,12.55716639,286.4237497,0.252521789,0.216958219,0.174290178
"mem246055",0.577613074,3.067996547,648.6014682,0.009185235,0.327245542,1.192658619
"mem246764",0.689953771,8.29921119,776.1427546,0.150540306,0.588485301,2.90735469
"mem246944",0.861385888,7.63992231,428.6400335,0.13609459,0.451078995,0.088531299
"mem247258",0.708512077,4.894870127,80.68367685,0.095420626,0.531581464,0.294622816
"mem249246",0.324248775,2.944014768,487.9515193,0.033232163,0.460702009,0.467708141
"mem249959",2.22281299,12.64177458,305.5857804,0.271422771,0.314828937,0.232095598
"mem25284",1.401176748,17.85141223,684.3677672,0.255665099,0.264211523,0.45062115
"mem253022",0.946378392,8.741471293,602.3954762,0.229695116,0.197893019,0.475202255
"mem25321",0.841619892,7.105849464,218.9238499,0.135335488,0.199672468,0.477543679
"mem253728",0.818923445,10.84129134,291.4794868,0.170859446,0.295877081,0.267824402
"mem254052",1.736264049,10.79747347,967.5757572,0.276880844,0.23899043,0.115200805
"mem254271",0.89417264,6.495325349,721.2369216,0.176061452,0.190486927,0.188763886
"mem254928",0.569130887,2.732687729,395.2921217,0.079584648,0.397404675,0.418497188
"mem255913",0.39652443,3.740741304,294.1485007,0.064383139,0.307760997,0.69208255
"mem256524",1.769722198,11.61910301,906.9059673,0.336304028,0.181861863,0.204776759
"mem257406",1.632781768,18.65686772,291.5789347,0.211898741,0.371749176,1.014017388
"mem257776",1.335708713,6.593369916,797.2176422,0.213194362,0.28503685,0.431451531
"mem259098",0.825468341,6.767403768,233.7322827,0.151557382,0.283220391,0.209030998
"mem259342",1.155759736,12.55079893,872.439827,0.165789101,0.375682108,0.536920269
"mem259377",0.596666944,5.778008218,576.7347375,0.116191285,0.390522061,0.467789448
"mem259915",0.703738412,6.571879094,1075.186963,0.153479749,0.220734975,0.476945846
"mem261577",1.195646784,7.526787322,232.8621176,0.152433312,0.306183647,0.023027729
"mem261648",1.246215544,7.202264699,197.168237,0.160481624,0.481930591,0.129596864
"mem262190",1.152011373,9.417053532,280.723595,0.252012602,0.295105226,0.039568061
"mem26337",0.659381865,7.173730933,412.5019375,0.268785827,0.295120961,0.328741051
"mem263722",2.761717872,32.35427018,289.6240527,0.353647286,0.04814833,0.27244375
"mem264749",0.998711296,21.16747989,297.3262622,0.292189386,0.225011694,0.313098725
"mem265153",0.521929258,4.14076867,120.7478596,0.037227291,0.100207829,0.984791673
"mem266031",0.764110969,7.989212053,1419.859318,0.143901009,0.329709723,0.1238514
"mem266839",0.723568234,7.058376236,138.3344481,0.17703965,0.441065576,0.862125437
"mem268148",1.487121646,11.73073144,396.0807472,0.257428321,0.266438018,0.549594671
"mem268734",1.199773724,5.941972884,346.7779855,0.19011797,0.167884036,0.646105325
"mem269114",1.9634592,18.00689419,489.4609496,0.341556836,0.178836759,0.372791999
"mem269919",0.761008015,5.465083828,323.9091916,0.118240308,0.175752372,0.215043715
"mem270091",0.469381274,6.794448647,427.8768486,0.158836319,0.265405261,0.026423983
"mem27212",0.586892218,3.98048998,169.0389041,0.095044169,0.343810976,0.235427508
"mem272285",1.288685701,14.50974925,464.8969725,0.201733015,0.178306744,0.244677145
"mem275220",1.249654646,11.94907118,157.2592516,0.323849813,0.082325348,0.395515926
"mem275279",1.06856265,8.166728281,349.1886471,0.164971313,0.19629288,0.907121443
"mem276248",0.637872221,7.217864433,476.448823,0.121125071,0.259971579,0.528470944
"mem276552",1.216254984,15.94260056,192.2228571,0.238974589,0.309774228,0.512555526
"mem27701",0.490993639,4.381349918,382.4514643,0.119373324,0.312149805,0.451249327
"mem277487",0.57838062,3.366762929,530.7683602,0.133301432,0.295977421,1.606217116
"mem27795",1.194412386,16.03685489,475.1497034,0.254448917,0.093231429,0.985165656
"mem278305",1.263083614,6.769415771,606.8683069,0.187717733,0.30426472,0.205964213
"mem278532",2.065377287,33.65845644,785.8101426,0.382107508,0.090623229,0.868706403
"mem280828",0.513603258,4.389834765,72.55050633,0.019554128,0.39819659,0.727392271
"mem281369",1.116775443,17.05547834,313.9688452,0.202732706,0.292574909,1.121930784
"mem28212",1.275149678,13.30246368,493.3743813,0.250298049,0.121184968,0.319378759
"mem28271",0.626756142,4.461851172,1554.727356,0.090288162,0.327247691,0.918128426
"mem283459",0.867887893,9.945090278,604.5618958,0.171179065,0.262613397,0.009363941
"mem283760",0.734748196,4.97700169,104.138614,0.148178387,0.151336708,0.739738581
"mem284350",0.674305384,6.151549993,403.1420208,0.148244385,0.142073106,0.886108748
"mem285976",0.548994389,5.067424046,391.9038335,0.102493286,0.344579537,0.212241778
"mem286148",1.232021272,13.45706006,382.410838,0.221682616,0.127154962,0.83832255
"mem287935",1.149780226,7.479467339,531.9350847,0.165629606,0.208223491,0.883194001
"mem288176",0.603495232,6.709361936,533.6832937,0.200856942,0.527906287,1.370846663
"mem288327",0.78092649,11.81578191,144.8230163,0.152058652,0.205705863,0.587023374
"mem289193",2.123197572,12.89829241,2044.68023,0.26815676,0.276515599,0.248117989
"mem289635",1.23698838,15.91505127,730.5335831,0.271381459,0.576267712,0.11664334
"mem290620",1.403451093,25.59379969,196.521212,0.349832538,0.037586026,0.336100479
"mem290954",1.325300218,11.76016888,875.6985977,0.223294544,0.375838259,0.558295936
"mem291380",0.962412833,7.522137148,255.3142305,0.206839814,0.246415719,0.725467618
"mem292094",0.689245117,8.151303677,408.8005309,0.128864438,0.632885056,0.439245865
"mem292169",1.228849065,9.145956646,462.4831759,0.197694613,0.210358851,0.230461073
"mem292589",1.266522629,8.76999937,256.293095,0.217874221,0.12341817,0.277683003
"mem292633",1.100588132,18.55854267,291.6446135,0.258684617,0.192782317,0.28546004
"mem295272",1.24368029,9.270564644,1110.584659,0.155097218,0.264111928,0.240960275
"mem296234",1.189075905,8.381808661,795.3145657,0.157275039,0.359499106,0.598995438
"mem296760",1.343693019,8.668406122,340.148511,0.250643768,0.021462382,2.00155591
"mem297462",0.972856109,12.35996495,525.675627,0.169551435,0.405732214,0.357423328
"mem297494",1.270081878,8.70000462,335.8218982,0.221424056,0.342412106,0.188466166
"mem297873",1.896467714,9.626153857,331.2202488,0.248853709,0.089207627,0.200448964
"mem299950",0.683697447,7.520372748,96.56208422,0.175865056,0.301361656,0.627698068
"mem301982",0.886577371,6.161476928,717.111478,0.219058297,0.264766157,0.182882994
"mem302432",0.704314402,9.159132981,338.3187683,0.112891936,0.26159142,0.866075208
"mem302519",0.86072669,6.555052278,181.0475821,0.195160997,0.053717367,0.740658865
"mem302714",0.489770829,4.810390067,216.3129672,0.063050713,0.277796344,0.083158288
"mem303066",0.927317892,10.16475192,288.4349882,0.171636662,0.46337039,1.103896124
"mem30351",1.612055215,22.78998307,306.9861543,0.307033611,0.074413042,0.489772962
"mem303885",0.750792558,7.190977167,259.9931339,0.176601195,0.322475182,0.614923394
"mem303928",0.91930254,12.18005574,927.8759844,0.151951015,0.270251559,0.262058472
"mem304621",2.458973762,11.94143524,184.1445312,0.322064221,0.052292729,0.616820606
"mem305065",0.831709979,5.480845211,591.5376205,0.101327441,0.46315625,0.333915745
"mem306303",0.955331656,6.089619546,684.1339736,0.151967335,0.298144223,1.687884031
"mem307391",1.487915595,13.49788676,289.7897579,0.285875899,0.260072802,0.570976679
"mem309732",1.377988457,13.39198247,450.4170211,0.219813446,0.408040724,0.152321164
"mem31004",0.948343146,4.891556042,292.5020652,0.104603557,0.278606204,0.12780123
"mem310342",0.675897649,7.196196455,291.7471482,0.124038769,0.308854528,0.016320645
"mem311317",0.492340551,6.883892298,372.3603633,0.121727918,0.475564222,1.668680369
"mem31396",1.407286629,17.61114762,642.5186362,0.265164499,0.183822988,0.47940074
"mem316263",0.881066352,19.02597039,303.0064068,0.253443278,0.25636612,0.10890535
"mem317323",0.810920191,4.83096723,681.8225844,0.151516163,0.4689149,0.415227722
"mem318575",0.44258093,3.242272209,154.1662258,0.088026325,0.045874364,0.98547276
"mem320651",0.671967696,5.463742977,389.0415694,0.088142751,0.378240764,0.73558704
"mem320974",1.144152867,12.43494086,456.8654791,0.191183752,0.20760623,0.396788822
"mem322258",1.095014092,6.320303994,725.0397656,0.11786892,0.406239484,0.213851968
"mem325609",0.619600171,7.424512784,412.6880945,0.173524393,0.206392733,2.194316017
"mem326150",0.765937138,6.570236031,372.1636488,0.148758538,0.492903149,0.213916732
"mem329832",1.27911367,6.452064461,1079.011955,0.28294836,0.229721435,1.517749206
"mem330986",0.847280277,10.91601376,106.7626619,0.184276483,0.424738688,0.763283346
"mem331103",0.899353953,12.57918587,254.9060178,0.22187405,0.112205609,0.313250147
"mem332249",1.364877888,10.03690606,515.7696362,0.221046486,0.329870849,0.549899048
"mem333357",0.667098671,5.744053968,298.3507008,0.121833597,0.479149332,0.520621464
"mem333438",1.831577997,16.10401358,336.8873006,0.263042839,0.175735301,0.553234377
"mem336346",1.719397087,9.833939159,446.8485907,0.284946305,0.118574931,0.783698959
"mem336398",0.809812723,10.51912265,175.079822,0.244034246,0.078119849,0.591387858
"mem337382",1.241666817,10.81477508,540.36987,0.239521678,0.446260819,0.111834813
"mem339048",2.208572246,8.217744151,223.3444734,0.295521714,0.198079953,0.707079398
"mem339049",0.896365873,8.733288503,899.7866069,0.231759871,0.128723836,0.23325426
"mem340205",1.061691868,6.206252492,135.2461556,0.21717121,0.103656024,0.786199621
"mem340311",1.134989888,8.306723134,171.9861546,0.262217585,0.133486593,0.217204653
"mem34062",0.859162987,20.89098424,685.7280367,0.294317949,0.24469722,0.129376689
"mem340625",0.98546025,6.865061418,452.9200779,0.183758863,0.26857276,0.762869337
"mem342049",0.669140111,5.204565868,652.4708783,0.174952346,0.379624284,0.813854884
"mem345241",1.309297327,12.36057943,157.8148739,0.34921274,0.088818984,0.45041438
"mem345937",0.63211274,8.893010441,149.5119933,0.22065709,0.128512166,0.028001047
"mem347123",1.700927398,9.897810816,158.7819666,0.22547236,0.090128209,0.624311007
"mem347533",0.38516823,4.539825525,239.5690819,0.120682058,0.227336148,0.845676266
"mem347961",1.806761849,11.45516844,370.8257987,0.280432835,0.220639783,0.78309173
"mem348434",0.476565871,4.846604601,355.185296,0.153943612,0.274760894,0.559276195
"mem34912",0.907729545,17.67916867,630.2315639,0.206609181,0.499998043,0.809854708
"mem349810",1.628495661,11.27915332,867.2538636,0.290830205,0.108447354,0.164549938
"mem350077",1.024565067,6.910975367,397.4974688,0.15977738,0.297044265,0.124879445
"mem352416",0.851405241,5.133141979,376.0237138,0.270532644,0.29043418,0.400719126
"mem352833",1.173317524,7.636846483,226.7371075,0.120297737,0.256902172,0.390471881
"mem353298",1.975726062,9.377972316,503.5745845,0.24914731,0.354317243,0.416394589
"mem35502",0.421421134,3.891875089,315.4079081,0.113400621,0.41357096,0.895278915
"mem35633",1.851444357,11.93815004,401.4371182,0.260343613,0.220688267,0.367340681
"mem356339",1.361635957,7.002363834,361.4740779,0.2015807,0.229281862,0.357416407
"mem356609",1.22301625,9.935032158,241.9604915,0.215377515,0.363445048,0.108810313
"mem357689",0.574976494,5.871712235,450.6759319,0.140955704,0.265923762,0.377871151
"mem358022",1.091704296,7.037556958,178.6723337,0.201310054,0.245806127,0.392941504
"mem358311",0.92058867,9.582236961,496.4843697,0.224144372,0.184654793,0.213472487
"mem361324",0.581880076,4.946007298,225.1681424,0.112743843,0.365782822,0.248999662
"mem362337",1.653717855,12.96837741,278.6845253,0.233670027,0.115690469,0.073725442
"mem365122",0.610613422,7.639950809,467.0246353,0.152363519,0.187969353,0.220337938
"mem365533",0.628811271,5.691669836,720.9771371,0.141693638,0.282204299,0.322482483
"mem365988",1.711577474,6.96123965,965.9932509,0.189550897,0.44921994,0.389068938
"mem366407",1.310762508,7.437442834,124.1550468,0.151155349,0.331056006,0.160835092
"mem366472",1.442069204,8.230152689,251.8378004,0.276639155,0.335502444,0.185225153
"mem366818",1.040356484,13.98321667,274.5193574,0.177462858,0.36549295,0.298443374
"mem368126",0.644469112,10.54952235,565.8686878,0.150631651,0.196336963,0.099933775
"mem368303",1.223645759,10.03460178,410.2259745,0.229459467,0.230321737,0.579039159
"mem368307",0.687044451,3.458103034,92.75281868,0.084151348,0.232992691,0.690455848
"mem3687",1.16382737,8.031695775,517.844965,0.207048171,0.254752759,0.455152798
"mem369080",0.76542061,5.80582948,351.5369891,0.113565434,0.502482502,0.681435471
"mem369345",1.012681046,10.95988019,1540.754398,0.213571785,0.182631511,0.826700704
"mem369368",1.153018185,13.50802154,461.1379297,0.298009772,0.208544533,0.504275658
"mem370716",0.771047375,6.234000301,1002.149989,0.218598196,0.365339672,0.594979706
"mem371646",0.449935002,3.823830739,404.4116716,0.076473811,0.450778042,0.438899232
"mem373635",0.680023155,7.043454714,365.3840316,0.123029676,0.441856783,0.721107957
"mem37474",0.693062437,6.389767263,237.6650959,0.155171234,0.337868289,0.319607417
"mem376686",1.081282089,4.436451855,274.9683232,0.153741471,0.245317611,0.696828281
"mem376708",0.817963804,9.862436763,223.794048,0.164056084,0.210137614,0.924577272
"mem377719",0.885075763,6.153975224,893.0776165,0.215896031,0.245807138,0.38335894
"mem378085",1.392946588,14.94908289,446.2141666,0.262707057,0.332533665,0.801804987
"mem37842",1.035075325,10.44314955,530.8045001,0.177343323,0.348000414,0.440036137
"mem379784",1.208068336,11.92261615,418.4378719,0.190466269,0.138300332,0.09044805
"mem379876",0.91059497,9.152310145,126.0282521,0.144769693,0.205010012,0.351629879
"mem380071",1.443268541,9.058773937,214.3809481,0.241322295,0.353929218,0.096714748
"mem380937",0.733765085,6.713660134,415.2315568,0.152820791,0.143452815,0.553752586
"mem382392",0.535930009,5.683001296,480.6588767,0.110542853,0.262826148,1.493846487
"mem383087",0.667948976,5.673793607,171.9728607,0.173213695,0.433079476,0.495891188
"mem383227",1.55109822,11.20120055,766.7457479,0.299343048,0.32253629,0.182125177
"mem383553",1.026357918,6.102107347,270.3457917,0.130925515,0.341538563,0.197932873
"mem383672",0.767352639,5.683405262,201.9648889,0.141149129,0.373620317,0.106341367
"mem386463",0.776122027,8.308712442,217.7926871,0.186937768,0.223594119,0.238430549
"mem388555",1.450913465,11.40315189,337.3871836,0.272928858,0.09511309,0.343155153
"mem390090",1.004954579,13.42820209,455.8871982,0.274644368,0.345374801,0.603343066
"mem391726",0.599414143,4.765353547,438.3277801,0.114844291,0.592042324,0.209658318
"mem392980",1.228904917,24.63874956,289.8157292,0.334174279,0.213383049,0.210673375
"mem393154",0.981059842,9.635594561,201.197704,0.21487961,0.158157751,0.152945038
"mem395016",1.097319017,12.77668003,256.2551643,0.198320863,0.201106733,0.106050146
"mem395294",1.168824216,10.80236598,753.5950827,0.202234036,0.457442475,0.419335795
"mem396080",1.076506085,4.709696394,537.6419524,0.171103889,0.212692767,0.73665518
"mem39639",1.61097978,10.029361,2011.226506,0.314788302,0.188156268,0.137876691
"mem396394",1.845155972,9.170683704,574.5096099,0.194131656,0.407887711,0.078330095
"mem396716",0.62631032,7.064091217,216.0274045,0.07756964,0.225717968,0.189644807
"mem399550",0.756037249,8.265766434,767.2872648,0.11244971,0.163904806,0.143953668
"mem399688",1.173303658,7.559459923,367.4738623,0.135910738,0.511017949,0.152205762
"mem399717",0.345306807,3.556739062,571.4975163,0.002520073,0.464539355,0.138211656
"mem401313",0.65671318,4.693666406,787.976771,0.143696942,0.233914918,0.406587734
"mem401388",0.512328595,6.775083678,146.8006891,0.174653898,0.091631772,0.53270123
"mem401559",0.953123809,14.34954506,338.3644672,0.283115897,0.158208348,0.653063891
"mem402531",0.890539225,9.237233662,373.7588392,0.195139008,0.23605208,0.105479643
"mem402793",0.869959581,5.820172315,682.8260497,0.147970652,0.303135338,0.04747491
"mem404609",0.731079987,6.573628599,345.5030873,0.229265004,0.147882943,0.427818069
"mem40636",1.976654643,12.72104872,663.9182948,0.228028958,0.420572238,0.746846939
"mem407615",1.223640326,15.32513845,126.7136045,0.194575564,0.211266339,0.155240907
"mem408017",0.649971298,4.538334593,406.8237135,0.124700912,0.33457908,0.351856654
"mem408108",0.878237466,8.863457547,117.5087356,0.201873717,0.122778427,0.294962826
"mem408346",1.040386191,12.78170799,984.0077438,0.248190375,0.387537767,1.213263365
"mem408568",1.337113675,7.409926507,1176.052357,0.218561416,0.230597842,0.418719827
"mem40865",0.822195209,5.115417732,233.0877213,0.091718487,0.344256143,0.102908152
"mem408966",0.478470799,4.541574952,294.6137696,0.048038307,0.429631531,1.402901058
"mem409752",1.131329748,10.67862006,379.3369995,0.201298387,0.229692484,0.214995912
"mem410635",1.711043713,16.80930568,279.8368309,0.188437401,0.383495936,0.176078604
"mem413895",0.345467211,3.605494063,150.2073617,0.115729785,0.199963927,0.578593031
"mem414056",0.874583542,6.808773197,324.1304463,0.18348031,0.261811391,0.335272964
"mem415311",1.409227971,12.03379278,334.8189093,0.226863816,0.330845877,0.511956253
"mem417789",1.187614071,10.42616066,426.3390956,0.247568795,0.299230653,0.401050388
"mem418287",1.058565107,7.498854324,606.313499,0.20873223,0.414087348,0.774243064
"mem41861",2.350350505,12.88815556,696.6669293,0.30806903,0.067091128,0.254052548
"mem41950",0.730302805,5.95977789,210.7837311,0.123702403,0.488992768,0.334080928
"mem419548",1.112199716,10.73478745,346.491633,0.205929689,0.272112867,1.204485567
"mem420704",1.700993199,10.76695885,206.3873217,0.2132791,0.19680712,0.195310662
"mem421592",0.555689353,6.33662069,521.1346083,0.135510744,0.393826763,0.218062414
"mem422144",0.504687143,10.64036122,284.7609063,0.129328978,0.543787687,0.44373317
"mem424117",1.512239177,7.794454555,176.3298467,0.208247454,0.451619251,0.345222862
"mem424197",0.807029458,4.953446624,521.3565328,0.146883119,0.51382632,0.867728708
"mem424464",0.511200143,8.799122953,179.8062511,0.148994796,0.277961895,0.191686872
"mem424714",0.958503264,8.212090467,474.0022014,0.269128655,0.192751002,0.416671384
"mem425054",0.932474973,8.128309687,261.6712806,0.14263409,0.530617166,0.4203577
"mem426046",1.092449964,10.52780424,223.3365755,0.21462302,0.317937407,0.164300571
"mem42634",1.708700843,15.14515591,188.4343862,0.243340016,0.171487126,0.52889269
"mem428784",0.931159661,5.000494959,196.0583851,0.123910867,0.191980947,0.795315882
"mem430063",1.005366627,8.154055312,63.36707768,0.177960207,0.341275439,0.139811262
"mem431763",0.357896456,4.704105671,534.3941865,0.110372298,0.567869103,0.244202766
"mem434467",1.559347155,11.10841298,330.0873443,0.294298062,0.212395584,0.323784146
"mem435590",1.925584801,14.28484916,198.0797763,0.328528188,0.446997866,0.419793608
"mem4356",0.793233156,8.755639628,272.9108535,0.205198188,0.159509548,0.593447426
"mem435611",0.801115902,5.178969767,338.2531603,0.12320334,0.21385517,0.237924048
"mem436535",1.018302588,5.304463336,743.4706791,0.176527887,0.351272011,0.137393406
"mem436782",0.997906743,6.638650803,268.8366239,0.121060921,0.277120524,0.201376622
"mem4370",0.924456077,8.758722369,739.1336352,0.176077047,0.272610638,0.214808107
"mem43755",1.228402268,15.8477229,390.4691201,0.227321192,0.212658164,0.808792549
"mem437766",0.62510419,8.239272069,494.318477,0.129276558,0.341682797,0.718699644
"mem438299",0.833388076,4.852758569,923.2400374,0.119308601,0.216740521,0.268299895
"mem438640",1.613042753,11.67416497,775.3206348,0.29047494,0.148634508,0.555604586
"mem438645",1.56813095,13.67549104,274.90406,0.193419618,0.299809359,0.101326102
"mem440494",1.296258834,15.43335055,229.5513427,0.213020014,0.637420724,0.822830554
"mem440692",0.8348296,14.18052183,741.8396998,0.215402831,0.761795979,0.323433599
"mem441629",0.866354236,8.445785273,354.2966559,0.207181619,0.112751056,0.112551993
"mem44169",1.682840083,20.68519051,362.5550396,0.260354571,0.12580352,0.124077027
"mem44203",0.797755082,7.026798709,588.5612275,0.219619826,0.475361119,0.43055095
"mem443519",0.691069019,4.794706477,211.8567603,0.086755577,0.5537204,0.412954209
"mem444084",1.098454547,8.646242632,552.627029,0.239390027,0.107754869,1.473427587
"mem444205",0.675883999,6.123792171,470.8346416,0.093090255,0.284712718,0.612852198
"mem444783",0.667658206,4.827776337,214.1241467,0.126764615,0.410796432,0.62213199
"mem445174",0.715279332,7.076954036,684.6153118,0.152235625,0.339724446,0.421767338
"mem445634",0.73375793,6.932398379,432.0284357,0.176820378,0.209364188,0.444485409
"mem448130",1.260642433,9.909303289,386.9194116,0.161458061,0.186856293,0.229567587
"mem448892",0.941127064,13.67126795,584.4259323,0.242317039,0.438192899,2.198990535
"mem448969",0.515114664,5.744503392,128.5940825,0.115827123,0.172433235,0.393249659
"mem449102",0.898981811,5.775923321,969.7238751,0.099084157,0.362147713,1.395760077
"mem449226",1.256327788,8.090488849,445.9210262,0.242011948,0.109466473,0.818831632
"mem454848",0.725999058,5.352093182,1701.747495,0.150409051,0.278244296,0.048290543
"mem455056",1.028502163,10.1120837,362.9005655,0.243191786,0.082076542,0.416822793
"mem456110",0.805256377,9.303015174,207.9776364,0.164756869,0.225494693,0.115406587
"mem457340",0.953352489,9.593105687,217.9770325,0.221568216,0.010958276,0.332017827
"mem45942",1.263164128,10.08867676,61.15819175,0.175256417,0.076202287,0.169648143
"mem460496",0.716293824,5.275981461,313.3593932,0.104798356,0.469115529,0.710888459
"mem460668",0.949446499,9.040932726,407.676655,0.201580679,0.253343315,0.332583052
"mem461031",0.582157809,8.157196751,264.0902771,0.112364189,0.153461364,0.347379285
"mem461787",0.911138154,11.09583469,310.3845239,0.182350661,0.242703195,0.24944529
"mem462107",0.70405485,4.859243238,411.7205712,0.101110505,0.390458738,0.27813462
"mem462632",1.017852843,20.13155734,437.0332067,0.272218126,0.301191703,0.681797927
"mem463223",1.099090271,12.99230866,1797.177101,0.225785547,0.395898421,0.571727236
"mem463438",0.749103009,9.504744097,530.5581187,0.20559421,0.335856213,0.688069881
"mem465054",0.917690177,10.81019247,430.3603098,0.260373512,0.233804393,0.204752989
"mem46560",1.097847377,15.51193795,378.79574,0.213545897,0.160261914,0.22018766
"mem466244",0.635594134,7.440207894,259.2286318,0.139144143,0.247190561,0.878317013
"mem469037",2.068444091,37.03902129,201.747904,0.367315517,0.332300929,0.229342986
"mem469103",1.086742924,9.772244481,656.8922566,0.224383926,0.086166422,1.252596103
"mem469635",1.414573824,16.26756114,490.0957881,0.212160523,0.247715458,0.197081864
"mem470078",1.290004227,8.914321561,177.054166,0.212493762,0.329073475,0.008740116
"mem470985",0.587756205,5.818970599,340.4871134,0.081400466,0.472548566,0.249057618
"mem471636",0.868239908,6.792260655,435.8962077,0.195102162,0.389161638,0.521519254
"mem472548",0.471082221,4.328238128,70.67478207,0.06402882,0.23894611,0.225691955
"mem472792",0.689019786,7.999275315,725.9677732,0.158790825,0.608118002,0.271202284
"mem473150",0.328636573,5.368157659,391.8528525,0.074747435,0.287636666,0.43535835
"mem473579",0.711642794,6.468230969,159.0320423,0.216035043,0.122858415,0.753272728
"mem47520",0.759605603,10.68179734,243.359636,0.165532774,0.282433234,0.09360817
"mem476106",0.805540661,10.75590263,332.7972967,0.180872428,0.312333425,0.349091721
"mem476204",1.279269146,4.870245907,255.9843888,0.214715245,0.174081681,1.958822892
"mem477110",2.301390795,14.39367485,544.3379932,0.32954508,0.077845452,0.991238236
"mem477380",0.638095736,3.838736538,441.8863066,0.080797855,0.398488641,0.369827378
"mem477757",1.389680453,9.140751175,189.1190998,0.229140013,0.196872939,0.07840341
"mem478680",0.702893333,4.678303464,325.2801438,0.109592335,0.314452947,0.43424517
"mem480425",0.933800945,9.043957998,487.35009,0.172519271,0.360677063,0.181752184
"mem481431",1.525884966,12.85787624,239.5187963,0.22264379,0.118794119,0.115139565
"mem482318",0.832795991,7.082539982,114.6377709,0.126942362,0.270482979,0.182826051
"mem482787",0.733901355,10.70655732,751.0896138,0.210802047,0.241454787,0.235821051
"mem483045",1.184633995,7.15350781,501.5809217,0.232768207,0.383279161,0.582205975
"mem483736",0.993118378,5.40592614,579.1161274,0.175540939,0.238701565,0.330791665
"mem484363",0.713265335,8.721642224,432.6023513,0.156770334,0.159793977,1.401280667
"mem485705",0.569879667,5.060391473,793.607064,0.104929092,0.328146577,0.150096467
"mem487224",0.930355334,5.075113908,217.1873918,0.190995948,0.168233529,0.088303157
"mem487343",0.934387993,7.843706658,207.1086229,0.287416296,0.209750343,0.243906243
"mem488066",1.125153431,10.44759079,199.2537351,0.247787459,0.526133942,0.021342815
"mem488265",1.008510203,4.58849746,526.709937,0.150166112,0.304262172,0.82335388
"mem489426",1.26830818,12.10505494,266.9799806,0.241232942,0.264076884,0.075756885
"mem491395",0.856160165,8.920337033,231.4012958,0.186153908,0.547301477,0.487430124
"mem491666",0.547699616,4.891670842,271.2723669,0.156901402,0.279304625,0.384998314
"mem492293",0.706590836,3.284907957,100.5887383,0.104416004,0.233794047,0.254857658
"mem495318",0.742064433,8.499861793,455.1804861,0.176810961,0.561194168,0.247703755
"mem496615",2.011980073,20.42348006,452.1276248,0.255610711,0.114055524,0.332662081
"mem497035",0.257983368,5.31340946,400.7566356,0.082066236,0.329092799,0.379728541
"mem497689",1.550203469,8.143818891,567.737382,0.244396992,0.051159643,0.057233698
"mem501411",0.955661429,7.987764034,325.2404148,0.271054973,0.147149849,0.311080593
"mem501737",1.324816824,19.8092151,61.11857725,0.217784448,0.288844234,0.008172346
"mem50356",0.524055275,5.541731205,405.1251547,0.158982688,0.339333575,1.037674854
"mem504902",0.457605912,2.775495101,87.11058958,0.036108383,0.36945274,0.616665456
"mem505130",0.860740618,8.269793728,140.4346232,0.244863556,0.124740154,0.063547861
"mem505569",0.948679451,14.00203091,559.3097858,0.252914969,0.513375099,1.327084306
"mem507163",0.535886678,5.156121744,288.7962127,0.121996995,0.286200449,0.169991944
"mem509837",0.604518857,4.5273073,248.2267669,0.10129302,0.290289085,0.083051509
"mem511646",0.749131015,5.853208121,250.0551425,0.185626054,0.326422274,1.021472852
"mem511682",0.751000256,9.780463397,899.7690838,0.197187719,0.289215702,0.704729107
"mem512688",1.927178441,12.58208399,206.4935053,0.26196583,0.294689914,0.261078137
"mem512883",0.513012564,6.906671795,272.7430819,0.081791261,0.534693064,0.026047469
"mem5147",1.108252213,10.42259482,319.1282438,0.204269001,0.442509342,1.269546119
"mem522767",0.919721453,7.210667398,186.307454,0.227452192,0.145817558,0.092443586
"mem524085",0.927761194,6.766468832,270.8674192,0.160948751,0.24558781,0.113968629
"mem526258",0.523608752,6.960274327,513.0853598,0.11478481,0.247901077,0.128954582
"mem527653",1.321304295,8.653495603,422.0460284,0.213309275,0.23988997,0.039708909
"mem530734",0.543120656,3.848948574,628.3577874,0.11165887,0.263658251,0.317149151
"mem531562",1.178171428,9.585484043,367.6143131,0.26320206,0.052634837,0.714390382
"mem532677",1.995840169,8.788785169,737.4009005,0.232618942,0.391784679,0.452308461
"mem533366",0.578144473,8.518527684,181.7867528,0.15148592,0.242057858,0.144798322
"mem535851",1.390646513,8.91286874,555.5108693,0.198761195,0.244962297,0.202873385
"mem536110",0.978941788,8.82099325,1587.176969,0.224574869,0.340838436,0.137274338
"mem537316",1.815475695,12.32253858,601.0754342,0.256943625,0.216646649,0.343692279
"mem5391",0.580222453,4.607288489,407.7247848,0.052870524,0.418981525,0.601415186
"mem539416",0.421026336,2.842749393,118.0638056,0.031646378,0.287912132,0.179887013
"mem54094",0.794728484,15.65279028,136.7259165,0.234499863,0.356942194,0.644582821
"mem541352",0.705342345,11.3714749,546.4004752,0.151595376,0.289429772,1.25114623
"mem542165",0.290331281,4.822823929,1318.364639,0.112205999,0.501832155,0.411044068
"mem542407",1.394576233,9.29151434,600.1737613,0.248174943,0.350209459,0.238332851
"mem542642",0.640655181,4.219352042,298.1671007,0.02465834,0.4079264,0.904948121
"mem54272",0.965583549,8.667652035,538.4407507,0.161561892,0.203081828,0.299991555
"mem544067",0.590352506,2.335329683,619.123879,0.069077878,0.385772896,0.189030148
"mem544582",0.758143814,8.081612605,464.5878717,0.132914322,0.330227982,0.227113178
"mem546034",0.671491049,5.98673596,415.6298203,0.115763211,0.391704344,0.357999211
"mem546305",1.28932512,13.12241997,261.0861408,0.179180436,0.386003265,0.545144217
"mem546328",1.088559517,7.453345051,159.5548671,0.223633872,0.120712803,0.821236026
"mem546649",0.887831533,11.55470453,433.719247,0.183133634,0.483168524,0.346095961
"mem547180",0.733493827,5.561354034,198.3439358,0.152506743,0.437072409,0.099803702
"mem547423",1.336071538,10.48748188,367.0832556,0.217640239,0.555612524,0.299982082
"mem547754",0.644755828,7.502176673,166.0570032,0.150794143,0.37856767,0.167562419
"mem547945",0.76953932,4.335438173,222.498507,0.132616616,0.056378209,1.247845745
"mem548032",1.347086938,10.13169002,344.6791333,0.167759857,0.466644482,0.047674518
"mem54894",0.574036654,8.918167187,231.6675135,0.100767168,0.33024083,0.100650623
"mem552429",1.08510836,8.864791779,243.2354169,0.189412827,0.402134891,0.235521242
"mem553666",1.470394067,6.641245276,317.7902956,0.154705383,0.263787417,0.387698807
"mem553934",0.660133155,6.308677428,75.79652764,0.146543899,0.482382516,0.255816971
"mem555362",0.720050163,7.071857458,775.2875929,0.12796401,0.421539523,0.332513824
"mem555558",0.723080424,5.175084789,291.1171573,0.126774984,0.382557256,0.536340306
"mem556646",0.48549527,6.250509475,271.970423,0.108156517,0.264012362,0.057828704
"mem560522",0.983823991,15.47961031,331.6633167,0.233778468,0.353480821,0.005877615
"mem560541",1.161217518,6.497872328,699.9171938,0.190943073,0.225728788,0.632566853
"mem560950",0.512030123,5.16039394,211.8999456,0.15189117,0.179041818,0.383709755
"mem561351",1.268007999,8.099460176,163.8447949,0.216073991,0.228060625,0.371258104
"mem562175",1.221319557,12.72689946,820.1179616,0.288780616,0.255498104,0.05779909
"mem562945",1.610779173,16.63825144,209.4428183,0.230065087,0.285176385,0.831414584
"mem563996",0.706799752,3.239240691,607.3059364,0.094145861,0.343334041,2.121867666
"mem564074",0.385644505,6.869243852,188.0986283,0.081488019,0.458156534,0.27541216
"mem565181",1.582017317,8.305888287,294.3462476,0.278015951,0.581891498,0.399828278
"mem565578",1.824656919,11.44029427,194.1353007,0.276048748,0.356382876,0.447255464
"mem566910",0.844839764,10.11015483,333.2394622,0.223215669,0.258416199,0.285267921
"mem569852",0.410078058,4.107575108,1189.585721,0.093150979,0.54086825,0.280224705
"mem570631",0.82825282,5.268412358,432.7665625,0.136454459,0.468568048,0.350322043
"mem574255",0.877165203,10.67114015,425.4391163,0.094994732,0.319008164,0.236061958
"mem574888",0.573040354,4.807889401,1042.431393,0.176096247,0.326176941,0.00110704
"mem57562",0.432788657,4.658802502,242.5823222,0.039573818,0.431893379,0.295173843
"mem57691",0.833901369,7.006645483,398.3500045,0.194595899,0.368637907,0.705926093
"mem583564",0.968217716,10.72177769,529.439084,0.236405911,0.154432027,0.160220812
"mem584121",1.066143179,10.51452397,364.0339764,0.171609317,0.205098766,0.058534167
"mem585370",1.64633641,14.06721988,694.2874063,0.231662453,0.329078854,0.75797335
"mem586764",1.514361272,13.99094949,707.5033646,0.226307998,0.449250489,0.416368128
"mem587946",0.722030499,6.958221805,216.485801,0.076778226,0.325604045,0.059067318
"mem588203",1.066190847,9.40390086,266.1723391,0.172781631,0.158679142,0.655196718
"mem589078",1.053814782,11.42317076,663.7955602,0.214407405,0.154175159,0.212827894
"mem589102",0.96623061,6.948301947,263.8097028,0.250510526,0.342945945,0.814097021
"mem590366",2.116146451,19.04258492,1310.197738,0.299789229,0.34641348,0.161099607
"mem590540",0.929161713,10.9985397,98.96911779,0.17733386,0.115593934,0.496184066
"mem59157",1.839434127,7.120470331,441.9955411,0.270077527,0.052592014,0.022944666
"mem592143",0.762612035,6.811130885,300.4967462,0.147466044,0.349430867,0.495676847
"mem592486",0.899008169,9.321461501,440.745358,0.140111562,0.484191867,0.345905952
"mem594051",0.712233442,11.88651224,219.1369913,0.2212495,0.139909673,1.357410334
"mem594585",1.350873928,12.99732379,137.3809113,0.277466815,0.094725756,1.224944637
"mem594947",0.880553997,5.622078931,177.3990605,0.140458521,0.223011247,0.616544467
"mem595017",1.004772541,5.491315768,611.4864709,0.21313381,0.214606886,0.245763895
"mem595320",1.586314487,10.92226812,886.0189125,0.216241381,0.234980489,0.473958108
"mem595330",1.159691845,6.867331403,187.0173348,0.201681771,0.114402278,1.859967285
"mem595580",1.435384196,7.856026422,853.3311302,0.263024958,0.168692012,0.199779564
"mem597371",1.252674067,7.573104425,335.8950638,0.137561374,0.3029988,0.796662452
"mem597752",0.805883342,8.477455771,251.3402497,0.135031323,0.279826072,0.447479891
"mem598423",0.839512723,10.34582038,329.1369161,0.15520208,0.183749887,0.210629682
"mem59897",1.107976166,7.776528209,401.1245811,0.225003019,0.279796251,0.398650317
"mem601338",0.759065772,5.737004166,735.3922158,0.153853501,0.305753602,1.441401198
"mem601465",1.274317296,8.802986627,614.8921884,0.189112496,0.145614719,0.527811466
"mem602473",0.580616647,6.342676516,179.3622674,0.100094579,0.327288211,0.105569124
"mem602724",0.928935633,10.43997151,308.0808531,0.231682054,0.343881581,0.321967667
"mem605339",1.484956831,13.12870704,1051.754243,0.230308651,0.503714598,0.110294467
"mem606837",0.969054255,11.78505764,523.8600071,0.218038025,0.315543907,0.243492952
"mem607428",0.740837771,10.62258706,72.41348649,0.227519438,0.083867947,0.447896966
"mem607537",0.58173832,6.221317383,317.9750666,0.101355893,0.369854778,0.336015143
"mem607801",0.983771047,6.935331339,618.8287089,0.195037394,0.314635597,1.208703016
"mem608312",0.610059848,5.008655862,1009.241155,0.150282306,0.545362378,0.413936451
"mem608384",0.377184752,3.606371935,614.2310989,0.009141171,0.358622255,1.306895374
"mem608765",1.534836691,13.22574718,231.0704153,0.326301447,0.001636644,1.133557438
"mem608776",1.283743836,10.71056003,54.04829909,0.191355707,0.332856485,0.069643602
"mem610830",0.68462404,8.226838056,467.173093,0.12688066,0.557956484,0.059593284
"mem611247",1.440219962,9.772288868,398.2638672,0.29605954,0.033283847,0.326515481
"mem611474",0.990971283,8.937510199,905.4396698,0.207601681,0.235310094,0.250331125
"mem61387",0.872643253,4.34927983,701.7370259,0.083151074,0.276608318,0.693972416
"mem614114",1.173658959,12.88486523,1451.208291,0.229955925,0.169961966,1.837429494
"mem615034",0.889095926,6.208595788,132.5032892,0.166437071,0.11693041,1.713495817
"mem615147",0.687037946,4.237503631,502.6986086,0.083580265,0.45470889,0.693925862
"mem615983",0.848934444,6.789313864,819.4832366,0.144239787,0.50277837,0.445981976
"mem616381",0.989980113,11.16655687,176.4097947,0.245133707,0.247152743,0.197647367
"mem616860",0.577505381,7.228060542,182.4086479,0.118824475,0.287478161,0.365476673
"mem617025",1.362720326,9.162841888,102.9874506,0.233763476,0.046732462,0.112708532
"mem617044",0.373000703,4.175348882,426.130019,0.039913753,0.409911452,0.537764788
"mem618544",1.163181638,7.520340923,534.0757467,0.170535963,0.19510836,0.260055925
"mem618641",0.686212862,3.958199264,284.5259758,0.075560982,0.581712876,0.061780344
"mem619964",1.463382292,10.2721001,316.653881,0.262530058,0.144234959,0.451061692
"mem621124",1.325095643,9.392302426,414.2431705,0.245254981,0.30853415,0.079378872
"mem624310",1.359496596,6.990990462,52.58537824,0.15360784,0.070388216,0.423707315
"mem624890",0.56665595,7.577779113,435.4697295,0.115220275,0.363457353,1.111770495
"mem624971",0.866549024,9.737338907,197.9082486,0.200206706,0.203019984,0.204850191
"mem626682",0.867292229,7.382945337,167.4304949,0.225729466,0.185272062,0.189461211
"mem6269",1.155968246,6.89887041,1014.50497,0.235424233,0.307559257,0.51211687
"mem627572",1.405294422,5.865243421,974.613888,0.204440538,0.562790679,0.19977545
"mem627825",0.790942093,5.447734915,1702.006102,0.16782309,0.410728512,0.407550587
"mem629879",1.151468283,6.920876152,382.513846,0.214201928,0.213593963,0.596819118
"mem630388",0.526513196,2.891692576,272.7701803,0.058493257,0.350113595,1.453562606
"mem632675",0.557499519,3.002878512,652.5970959,0.025975011,0.400758594,0.56348513
"mem634318",0.405665948,4.586974391,327.5166811,0.068500165,0.409566926,0.900320103
"mem634961",0.641719138,5.623406729,322.9575052,0.150103532,0.408436509,0.4167709
"mem636004",1.057574577,8.740308747,263.5702147,0.249522186,0.162745162,0.610343749
"mem636835",0.654984587,6.243224472,809.4947012,0.121345933,0.388848838,0.740287818
"mem636951",0.735264486,6.579734789,212.6342011,0.157933381,0.234978783,0.192026091
"mem638553",1.398665859,5.904137847,284.7360699,0.202288428,0.237699999,0.319687637
"mem638674",1.624145279,16.88804526,567.6278859,0.231468998,0.208485626,0.520272597
"mem639066",0.636122186,7.071591575,693.3326728,0.153389457,0.205115083,0.586115273
"mem639576",1.43919287,8.943540421,1150.401823,0.234894651,0.232089194,0.358886126
"mem641113",1.473364418,8.550421975,179.6919067,0.220238035,0.356753871,0.545330694
"mem64233",1.576768561,9.181631521,774.6133398,0.16746833,0.305510496,0.77014656
"mem643044",1.571419824,13.87239279,176.4640744,0.271286499,0.208736119,0.119458228
"mem643114",1.158263175,9.676663985,539.779344,0.184613372,0.333226541,0.207387603
"mem643718",0.553621967,7.076759603,440.5034304,0.166317763,0.403478965,0.467222579
"mem643994",0.883056729,9.289786856,240.0528478,0.187110848,0.261186487,2.079179746
"mem6456",1.016793581,5.745532733,325.2081477,0.156442813,0.227434767,0.229210231
"mem647897",1.20611689,11.49482331,317.6275678,0.290157935,0.369628059,0.017770083
"mem648541",1.718167868,11.23185302,332.1689473,0.2496151,0.221925193,0.424338451
"mem650572",1.254575961,10.65569326,194.5124764,0.255198951,0.042931082,0.241239856
"mem65150",0.34053387,4.401378701,155.0561799,0.068266125,0.27745583,0.270927412
"mem652360",0.876600777,10.53867194,365.1287483,0.204321894,0.179655096,0.325382322
"mem652938",0.997656376,7.192531393,650.3203542,0.193462119,0.43269537,0.143898018
"mem655496",1.242944602,7.974563691,253.9779363,0.205440931,0.453114174,0.784869379
"mem658568",0.997219233,6.392797529,473.9892761,0.19484055,0.360230665,0.64903979
"mem658696",0.876154267,11.82274623,235.6549444,0.234621003,0.263774831,0.629610277
"mem66026",0.918925709,4.917839418,137.0974307,0.182346277,0.062604045,0.874010479
"mem660385",0.412127677,3.826800498,1151.901957,0.118724519,0.349214161,0.075433945
"mem660695",0.543472159,6.033064581,1080.751342,0.04674413,0.569945675,0.294923014
"mem661170",1.660571538,7.21318025,399.630587,0.229639708,0.150465411,0.394481338
"mem662645",0.906211277,15.21451126,255.7983194,0.240406615,0.380159962,0.283170287
"mem662776",0.97116924,4.320657437,346.9975922,0.102841545,0.291789417,0.766396358
"mem663174",1.361804169,7.464179405,433.6407233,0.203867154,0.283278418,0.724547755
"mem663822",1.281275747,14.89618252,126.7833847,0.145585651,0.309456998,0.084984566
"mem664484",0.476582213,6.103790554,66.00792765,0.117976302,0.095736661,1.004386069
"mem664742",0.824381036,10.0158002,301.0262334,0.167562304,0.500802779,1.225086323
"mem669820",0.469880416,4.118868838,414.712589,0.032683712,0.370900296,0.321445052
"mem671458",1.68011715,10.21189666,632.3927516,0.251967079,0.15320522,1.143109543
"mem672895",0.425541521,6.624420944,605.9614535,0.132237184,0.415660863,1.05197172
"mem674070",1.188042297,12.90964755,355.5253693,0.137971879,0.295077694,0.165218372
"mem674381",1.472797142,8.811224188,924.655113,0.239834764,0.081284678,0.166503589
"mem674412",0.766236333,8.3072817,509.1740247,0.218444102,0.321859476,0.295224176
"mem674698",0.349185828,5.119620972,667.1049451,0.110525344,0.114499933,2.44831099
"mem675997",0.994420259,8.984729516,673.3315856,0.214873691,0.376872195,0.388387981
"mem676453",1.572416783,15.84183219,280.10891,0.351333689,0.296924389,0.307370546
"mem676684",1.038370034,12.13916562,223.0292922,0.283988728,0.158133867,1.049095936
"mem678304",0.964609985,8.468738383,296.06187,0.133407687,0.339999858,0.20213564
"mem679014",1.231405476,7.121533288,417.9911123,0.183731651,0.089323607,0.103035881
"mem679759",0.877215213,3.791384742,553.4328627,0.120839514,0.323102813,1.705543536
"mem679971",1.041175638,11.80340429,331.6977373,0.250741246,0.214580619,0.143781492
"mem681051",0.747445419,4.071568653,186.5638098,0.080278041,0.337929859,0.243091859
"mem681815",1.26343588,7.036335907,364.125653,0.309129016,0.212577177,0.954880667
"mem686118",0.72077754,7.860511956,127.6525426,0.138725547,0.208521488,0.945562052
"mem686677",0.302429903,4.2577309,251.1472222,0.100829858,0.448599679,1.063925567
"mem687048",0.668139814,3.738658666,890.880994,0.128016631,0.357680513,0.208065977
"mem687528",1.722006909,13.18675146,278.1623184,0.285214915,0.154967844,0.234604918
"mem689329",0.967171699,9.730061114,396.5104978,0.118439679,0.360208343,0.582561187
"mem689375",0.414563109,4.014317678,288.3692833,0.072160399,0.537187581,0.740382585
"mem691252",0.707585635,8.191316831,319.3474392,0.19748732,0.126503239,0.636294266
"mem692577",0.829609438,6.461552767,336.2874027,0.182542367,0.22506088,0.717574514
"mem693140",1.420041214,16.59615366,787.3975882,0.212233054,0.157976028,0.148973378
"mem693195",1.286921406,18.04538843,489.0865526,0.175165761,0.290473941,0.046639406
"mem694545",0.694752636,4.637158335,350.4573008,0.137128243,0.254106132,0.202087338
"mem695646",0.513651885,6.230530316,379.3015652,0.122762879,0.348589241,0.312114175
"mem696275",0.646074903,6.50452961,1360.522482,0.169846393,0.199923416,0.272360805
"mem697284",2.100794516,13.16550743,391.556261,0.324242695,0.101798337,0.195370405
"mem697984",1.682252758,34.02500667,249.3089879,0.328169219,0.131312042,0.039707946
"mem698090",0.45522508,6.048763092,932.4774903,0.075323172,0.435650508,0.246642861
"mem698282",0.604974764,5.639860197,1230.407209,0.108713771,0.436566841,0.375588914
"mem698874",0.383720688,5.177092089,276.9322582,0.004598161,0.676509844,0.778681203
"mem700109",0.802267102,7.979521002,285.42515,0.158649324,0.233523426,0.71205655
"mem700418",0.969164329,8.215200633,1453.90127,0.170079844,0.226322987,0.193758369
"mem701411",0.645162351,7.766563358,557.7791536,0.166974825,0.34338239,1.023804568
"mem701893",0.920829099,6.702646299,554.2875498,0.141961461,0.31805632,0.552642735
"mem703301",0.953977985,6.968636992,479.1009087,0.177963207,0.200377853,1.007655558
"mem703468",0.858879702,5.81096189,972.4883752,0.080390966,0.285871537,0.110409748
"mem703656",0.929781513,5.661567759,298.2605867,0.148103351,0.082671913,1.44320694
"mem703975",0.966523996,10.04935692,253.3823778,0.261283786,0.445028603,0.034494857
"mem705590",0.838042446,5.3047916,611.2369123,0.223492367,0.193535949,0.241435566
"mem705900",1.11306238,8.770863429,284.2565319,0.209642209,0.210337175,0.683609222
"mem707328",0.297856936,2.714822145,220.4868377,0.010639705,0.533816973,0.002740501
"mem707832",0.979956625,10.20041935,547.4444308,0.207122078,0.34850764,2.562931265
"mem70954",0.744694325,5.042607212,566.6875913,0.193063769,0.167157212,0.765624981
"mem710033",0.53047326,4.892899685,137.6074322,0.089981255,0.317235987,0.546046703
"mem71007",0.528573262,3.132052935,1112.651003,0.044550641,0.455656971,0.209143562
"mem712014",1.014708273,7.842104335,109.4797443,0.145704021,0.259013829,0.526350738
"mem712049",0.480406323,6.448028977,287.1150205,0.131609207,0.26297053,0.562995495
"mem71519",0.743916844,13.52671463,596.068039,0.183907326,0.351051201,0.008788069
"mem7155",1.29476594,16.40848363,271.24894,0.26417675,0.726781213,0.421346221
"mem715777",0.4373007,3.677357295,503.3124478,0.061154217,0.423002848,0.088826251
"mem715914",1.500873025,15.3641023,256.5905491,0.256742938,0.194186314,0.525355683
"mem716546",0.705784472,4.756209047,532.4097401,0.080028939,0.431016254,0.694778169
"mem716610",1.195375747,13.4679194,219.4665393,0.257817796,0.081693295,0.430524374
"mem717722",0.335900431,5.362428968,289.4521982,0.047677465,0.521939335,0.330622756
"mem718674",0.794747991,9.162806567,375.985325,0.140645232,0.246312865,0.578465601
"mem719057",0.992329331,9.57437723,937.5536782,0.227052396,0.164948423,0.409517706
"mem719463",0.881712374,6.448436905,300.0309723,0.1585703,0.305903738,0.449806578
"mem724344",1.588462827,10.61808,450.7436165,0.240259124,0.297596965,0.365275554
"mem724383",1.124351088,5.502878779,197.1586795,0.210604804,0.205476428,0.323962878
"mem725003",0.633236854,4.793661318,226.4958254,0.142963733,0.40770818,0.307683043
"mem725603",1.208165208,10.08447297,213.3534624,0.214933022,0.242186905,0.79885798
"mem727374",1.18049329,12.13481179,276.6672361,0.227654789,0.189414865,0.302656513
"mem727605",0.468982787,3.795592012,264.1523624,0.049012709,0.328389624,1.640872033
"mem728819",0.726131664,4.246546929,353.7792801,0.121489236,0.309900727,0.665301333
"mem729404",2.19738833,17.57139195,197.0773583,0.214794515,0.358356061,0.43772849
"mem731567",2.989392735,8.425482965,547.3337987,0.264079752,0.071579789,0.052369872
"mem731645",1.421580889,8.735692318,450.2480838,0.243760403,0.243968044,0.353452973
"mem73322",0.692474276,9.16951212,107.6854241,0.132599048,0.493644765,0.104644074
"mem735000",1.065912335,11.96772533,279.6714034,0.257733728,0.268700303,0.504908464
"mem737890",1.099087458,16.2925991,339.2216955,0.246946918,0.266579654,1.039877651
"mem738365",0.631171935,5.673097127,320.4682267,0.134404947,0.246316323,0.371040592
"mem73862",0.60624213,4.280632728,1821.804985,0.094953372,0.488806865,0.615549821
"mem738771",1.13804942,12.57640916,323.1885036,0.232662258,0.166714572,0.200976723
"mem73880",0.840330556,13.28903466,272.5491631,0.191914906,0.333341152,0.073782035
"mem739773",0.675358239,7.567660918,449.9912763,0.102307808,0.54949145,1.180597386
"mem740464",0.473465292,6.474031634,241.26059,0.105453702,0.295954503,0.317029341
"mem741059",0.797899761,7.056224079,536.2085408,0.135822931,0.308093528,1.253837083
"mem742295",2.069155353,14.1194901,592.2218074,0.300841174,0.151728032,0.33246978
"mem743062",0.771651541,4.563371919,311.3708182,0.092604768,0.370791245,0.094001247
"mem743785",0.660293211,7.630467092,304.8745952,0.143432492,0.426116432,0.658996511
"mem743811",1.051044414,11.05660774,348.8685742,0.186701196,0.376053875,0.374844955
"mem746037",0.87355145,5.64623368,186.2748056,0.25391702,0.069337744,0.575216315
"mem746268",2.10250857,20.42240762,65.89863216,0.278494063,0.065277734,0.211635986
"mem747752",0.744683155,6.724789214,613.8317926,0.177648651,0.322889255,0.228382552
"mem74863",0.784529998,6.030929459,124.03814,0.125217407,0.42303457,0.104971583
"mem749040",2.205199583,16.50733445,284.7914985,0.341941626,0.031579848,0.178042036
"mem749607",0.525983462,7.085278814,328.3728359,0.116835065,0.351846721,0.24489912
"mem750536",1.566944358,22.7878006,1340.290063,0.282851689,0.191435057,0.058380297
"mem751194",1.870252705,14.29283326,761.3321794,0.255625276,0.160699005,0.155733108
"mem751609",0.89686567,7.103989696,1580.742484,0.204880288,0.283691099,2.102391855
"mem75206",0.512248868,5.285837954,225.7840535,0.131007741,0.183041336,0.31349244
"mem754678",2.243529684,20.07424185,245.3208292,0.253234824,0.020930896,0.684652213
"mem754951",0.736764329,4.510457083,785.7787305,0.148586932,0.264086377,0.364439574
"mem755406",1.079644064,6.035802694,384.311255,0.167498921,0.214969264,0.630334662
"mem756357",0.400637287,6.071604738,583.1901889,0.060465718,0.479329443,1.033434499
"mem756957",0.598592103,3.055515974,620.974429,0.052165836,0.506442632,0.095062494
"mem757750",1.169630221,14.34700111,551.7273193,0.274963506,0.223257898,0.243301685
"mem757866",1.977764482,15.36683873,744.8920069,0.26824503,0.093783457,0.237487095
"mem761268",0.707232608,5.17302205,293.1865751,0.122983591,0.158166823,1.800046335
"mem761690",0.406411921,4.899781135,266.2963209,0.042762195,0.302333807,1.128989671
"mem761734",1.990981224,15.73009748,195.5909974,0.309240855,0.238532831,0.017931559
"mem76175",1.318460641,10.15798884,372.1957099,0.239770024,0.248867993,0.171554089
"mem762481",3.646480324,21.86457742,672.2679409,0.315201301,0.262204137,0.371247242
"mem763570",1.811618803,13.92476729,494.1038195,0.265623685,0.156232907,0.832376693
"mem764738",0.689632969,3.279813492,165.1610005,0.11513261,0.446789879,0.149337327
"mem765152",1.939612741,17.50486545,1039.880209,0.351216572,0.036520667,0.076997016
"mem767187",0.981782852,5.777981402,261.9759444,0.115633296,0.328191896,0.240380518
"mem769692",0.451220675,4.571411449,945.4313725,0.122229277,0.364076852,0.220258906
"mem770239",0.895271137,9.752288772,354.0974574,0.202977987,0.112516714,0.405260355
"mem770242",0.593572737,4.926785502,658.0517773,0.048858604,0.314880466,0.265455902
"mem770455",0.637017146,4.528576393,283.4687261,0.061955257,0.272168732,0.437199597
"mem770768",0.58675592,5.708353575,432.8895997,0.039897012,0.432058897,0.844280326
"mem770912",0.414120436,4.168691969,59.85204787,0.077386434,0.268108125,0.395194806
"mem771269",0.94516939,7.776107275,455.4391594,0.184522122,0.193342486,0.180448948
"mem771729",0.426034636,4.492352505,331.7023179,0.081627862,0.346130633,0.601343709
"mem771892",0.76733498,4.13860664,198.787579,0.1301737,0.408060845,0.816651348
"mem772180",1.407882686,7.035090967,414.2846741,0.175496426,0.298328481,0.419453292
"mem77432",0.95400081,12.50172977,241.815759,0.273990379,0.233355834,0.598192925
"mem774566",0.676488156,3.600052758,122.7232332,0.155485095,0.333249589,0.014058788
"mem776685",1.356903184,18.41527724,307.6959018,0.337843886,0.093255915,0.72989525
"mem779238",1.069693892,8.947139669,243.73186,0.158082456,0.37423211,0.413929264
"mem779491",0.297839067,2.938669388,783.8724413,0.016372946,0.386476327,1.038426113
"mem781091",0.818500684,10.79028306,623.9597799,0.184049325,0.276924308,0.187393219
"mem781706",1.258396046,9.011835893,290.9360441,0.249707814,0.019105835,0.443851816
"mem782233",0.775990502,5.365590097,354.5650326,0.109550574,0.251256908,0.883262042
"mem782384",0.46060666,3.259668209,179.7025885,0.026878042,0.296153564,0.215853541
"mem782945",1.949454293,13.65428371,500.7329495,0.231771161,0.369643331,0.089151816
"mem784480",0.611150001,3.088442998,482.5328626,0.08272727,0.605584015,0.412854113
"mem784698",1.066840489,11.32953816,142.4155393,0.175569787,0.359819253,0.056650188
"mem78484",0.656265011,4.198350849,539.8816213,0.120224053,0.275499199,2.994933352
"mem785301",1.002601224,12.84754279,147.7769035,0.244728856,0.363122978,0.178207743
"mem786265",0.843079767,5.611599899,472.0158173,0.175430872,0.178380522,0.236612865
"mem788997",1.409181992,12.00268297,274.23347,0.263443993,0.223070166,0.293264924
"mem789836",0.616376014,6.586962561,510.6985353,0.143877779,0.449636931,0.310497904
"mem790955",0.56841289,4.057543721,325.6057322,0.04059634,0.306281423,0.316838267
"mem791239",0.347755684,3.121956251,102.8704057,0.04699135,0.323539692,0.433751077
"mem792465",0.738589529,9.204031556,590.7697752,0.199750467,0.580009593,0.017927408
"mem794459",0.609301817,6.086826483,739.1134046,0.147482663,0.237132809,0.152778351
"mem795182",1.370380062,10.5644691,491.8229757,0.275931596,0.153531897,0.161971818
"mem795789",0.941107908,7.409639489,581.2273066,0.184016202,0.244967969,0.2596548
"mem796806",0.442081492,3.096720237,234.824559,0.038015769,0.407070698,0.097866637
"mem797443",0.863297098,5.394060104,191.6229036,0.188287179,0.319211363,0.617730894
"mem798726",1.822181907,15.71970508,1202.234666,0.246734859,0.04826639,0.3747937
"mem79975",2.454901023,15.59164168,172.9840894,0.326279606,0.171816977,0.224521645
"mem801198",1.362118231,12.3988332,288.3583346,0.269102792,0.132616538,0.268807486
"mem801261",0.585006588,5.164417429,129.3092866,0.095857267,0.271986414,0.15154539
"mem803062",1.05005592,12.54159487,728.7086232,0.162366466,0.375187921,0.907611279
"mem803911",0.887903977,8.74822531,706.3808624,0.175038403,0.354422297,0.012501534
"mem804062",1.295107576,9.896677005,319.8490875,0.190968365,0.448364924,0.326232659
"mem804339",0.643743801,4.370114663,160.928837,0.144495207,0.105765239,0.58182352
"mem806249",1.313135804,13.73779396,330.8516797,0.241009753,0.532295151,0.323310001
"mem806419",0.589231855,4.265007793,320.1691135,0.096198677,0.406180091,0.127305741
"mem807955",1.193925211,9.161832587,596.2031044,0.250621616,0.347095464,0.948420523
"mem809068",1.112562599,10.25156696,170.3194113,0.228607249,0.107102481,0.417542639
"mem809765",0.551604197,4.931023816,615.4790928,0.026772993,0.393307389,0.391060309
"mem809908",0.964362746,13.12685131,164.0556841,0.279323607,0.086643745,0.12333195
"mem811117",1.276840553,10.05019249,658.3689865,0.165445741,0.294491619,0.026677706
"mem811612",0.518041616,2.773146627,123.699382,0.037663898,0.306940988,0.457552866
"mem812158",1.080838686,6.596216501,556.5090627,0.227725858,0.350455904,0.878433344
"mem813234",1.31446604,15.34379129,271.9363677,0.246927984,0.183165021,0.22390425
"mem814025",1.055284679,14.03960398,226.5692169,0.227316238,0.30669388,0.128004529
"mem814034",1.689006652,14.89073796,639.7695287,0.249906967,0.175366201,0.616444124
"mem815263",0.606531056,7.018843543,214.489592,0.126409448,0.261529235,0.217257381
"mem815459",0.683030203,9.304373259,88.97262821,0.136843008,0.107961793,0.477904405
"mem816439",0.704467157,7.909870133,301.2595413,0.198691879,0.204047756,1.012148049
"mem817415",0.999929694,4.639001555,556.4982802,0.126307988,0.460946317,0.118700654
"mem817670",1.002566655,12.00248033,721.3285099,0.285387164,0.21625861,0.279061461
"mem817841",0.669631056,6.411192011,248.8356651,0.176243883,0.189636628,1.206672383
"mem818034",0.898480811,11.50888049,177.5670417,0.173987191,0.121351323,0.545173042
"mem818383",2.005506426,11.97172327,1438.167319,0.266320501,0.26287812,0.317050977
"mem820173",1.744574707,10.01929182,719.0760621,0.237905751,0.190979854,0.053795136
"mem822798",0.984304799,13.63219275,837.6764772,0.218039109,0.302145072,0.823821476
"mem822905",0.92119502,5.661910327,239.8778709,0.124449207,0.273569173,0.909532805
"mem823780",0.644328367,8.470381116,135.6804324,0.167166359,0.270298019,0.421293454
"mem82502",0.673594832,14.65154994,853.3757591,0.198296812,0.329444138,0.304190573
"mem826993",0.54078392,6.115612203,322.978491,0.140440836,0.157358186,1.07007033
"mem827192",1.465327914,7.807313439,534.2579641,0.215853995,0.146368749,0.140494399
"mem827632",0.524399576,7.136503223,541.9592678,0.149966486,0.183099466,0.32531886
"mem827709",1.057959901,7.901875721,322.5980643,0.118903978,0.246301135,0.330770944
"mem8304",0.880183134,3.937473862,777.0743211,0.099876129,0.354816202,0.063638772
"mem830882",1.340357751,10.46216525,360.2355028,0.148811817,0.379359064,0.738891648
"mem830966",0.787391255,8.742243538,1307.111728,0.176058551,0.301699474,0.427096031
"mem831841",0.711612289,9.880560809,1017.735456,0.197059007,0.475318865,0.155925028
"mem832768",0.801367393,7.113608176,330.7062328,0.200029063,0.233367546,0.448069789
"mem834801",0.654079617,6.506877346,525.3447658,0.120001379,0.308436487,0.22910825
"mem835747",1.370424764,6.538672954,289.6004263,0.166886916,0.321532923,0.001836118
"mem83718",1.206352704,7.849069041,116.1756076,0.171716463,0.494958263,0.024278021
"mem837333",0.411020435,3.17178088,350.087636,0.009830234,0.238656581,0.341902971
"mem84083",0.881911459,10.29534854,563.6125353,0.180605085,0.17515764,0.281483712
"mem841600",2.095128862,12.943956,234.0499024,0.329021162,0.275124833,1.621391046
"mem845479",1.88222578,17.30783023,158.1560837,0.294744891,0.016755682,0.239880538
"mem846266",1.144297189,9.608276382,86.42283911,0.172960869,0.010556108,0.459236456
"mem847493",0.829408824,8.851502006,294.4030032,0.172390265,0.356869217,0.44668288
"mem84943",1.637611974,10.99997099,200.1689924,0.141276974,0.281082751,0.132598483
"mem849971",0.410359056,2.744776227,175.8776488,0.059519323,0.290733554,0.637328818
"mem850381",0.773451258,8.222834408,223.9915039,0.14698583,0.305907393,0.129068631
"mem850888",1.202759387,9.636027142,518.4416327,0.227614528,0.245270469,0.129740271
"mem851083",0.427225827,3.295618881,584.1386404,0.086235229,0.340626838,0.978107594
"mem852567",0.490397083,7.779645471,90.33884906,0.128312181,0.280900642,0.203274115
"mem853628",0.606466138,4.852103851,537.8010514,0.168053768,0.511212277,0.265368981
"mem854820",1.108571087,7.114323096,450.6010089,0.188992298,0.233956983,0.23713857
"mem855369",1.72841255,17.76226517,702.7180711,0.323084423,0.243794561,0.662465856
"mem856298",1.370672993,10.31522058,168.8246858,0.248061982,0.202577009,0.571779033
"mem85675",0.330930693,3.89587229,267.5279671,0.066019263,0.218420038,0.524439271
"mem856926",0.687270817,5.791383324,186.8327619,0.15754692,0.218879064,0.365892716
"mem857284",0.720484185,5.132401494,285.3405018,0.173746279,0.24134403,0.063685259
"mem857554",0.477004412,6.151554918,112.6606216,0.120194415,0.036355486,0.836051832
"mem857690",0.650743515,5.394096745,506.9705761,0.117735277,0.456805096,0.116135197
"mem860107",0.952019642,5.398301742,881.3530254,0.156438964,0.38332463,0.526371661
"mem863330",1.001092583,7.310127172,148.6668333,0.102882525,0.318441119,0.189709202
"mem864959",0.523422139,5.533942309,321.1160719,0.100965191,0.164088412,0.689453505
"mem865587",0.470622008,3.595468901,428.5500365,0.109594708,0.328003767,0.168559625
"mem867734",0.687628173,3.853975462,549.1866558,0.11390247,0.272633696,0.097989118
"mem868206",0.926514356,7.094352386,103.0808728,0.175919711,0.224258128,0.265706946
"mem868544",1.655548174,17.65533503,148.4930811,0.315554099,0.198693442,0.01424611
"mem868926",0.56281258,2.188036215,735.900318,0.0467683,0.346011545,0.681703304
"mem869555",0.673691224,7.894683925,448.5028617,0.193987266,0.173786662,0.537221484
"mem870487",0.664212392,4.578133561,122.088597,0.130279104,0.337837716,0.536297955
"mem870806",1.02849739,6.183966258,480.565881,0.16310566,0.352490977,0.196311844
"mem872077",2.753656692,17.98892957,1072.681306,0.307252622,0.074853337,0.563976345
"mem872515",0.903139367,8.499173952,462.4499209,0.164286894,0.254207796,0.003019064
"mem875366",0.895862061,11.46138567,306.5746827,0.244572541,0.133568526,0.019492762
"mem875501",1.23407845,11.32608393,524.4091987,0.218170463,0.259652768,0.126145265
"mem875666",0.837107464,9.684363683,369.5582868,0.168579404,0.302220696,0.233695635
"mem876471",0.841121904,11.20471986,166.7659975,0.139733927,0.217629221,0.550410395
"mem876566",0.564760166,6.776861997,305.1644203,0.136195326,0.354167298,0.312307336
"mem876864",0.740618565,10.91674131,276.894657,0.173861803,0.247782968,0.487499128
"mem877719",0.592335408,5.017500085,979.5214372,0.06852167,0.412829438,0.50411333
"mem877937",0.896368674,4.679959259,118.2972394,0.104313355,0.040219699,0.358477814
"mem877970",1.042560552,10.52897078,802.2958705,0.234555616,0.338227384,0.796209066
"mem879431",1.536703562,7.631896293,653.7237962,0.31954572,0.227196799,0.246017463
"mem879531",0.696063918,5.669424252,602.9435134,0.143131108,0.394484565,1.044153685
"mem880796",0.937496567,8.823894085,1243.028436,0.165838678,0.383614247,0.350726352
"mem882872",0.637317151,8.483667792,182.9439949,0.179286847,0.047091926,1.946117292
"mem883082",0.670050647,8.988671285,390.335936,0.186895954,0.196984053,0.221534464
"mem88391",1.143709386,8.474557833,243.7850945,0.201978452,0.323769055,0.288905353
"mem885747",0.948114225,7.075266025,503.6148846,0.141052697,0.152991109,0.144195441
"mem885884",0.792564201,3.857355412,201.7993323,0.125531852,0.289191497,0.460715853
"mem886533",1.263112265,4.823827175,237.5734759,0.215193838,0.337420164,0.428150954
"mem887704",0.681635441,6.987799841,105.0681639,0.130227115,0.219832485,0.63789276
"mem889792",0.738750261,7.924462904,474.9481879,0.199089039,0.209479968,1.324357253
"mem889805",0.758648595,4.654606528,313.1070653,0.082966452,0.409950691,0.010074001
"mem890727",1.237361841,9.872221098,642.0965761,0.227716987,0.303764669,0.081203834
"mem89076",1.205711989,13.02609168,366.825614,0.250930487,0.514808741,0.281914436
"mem892308",0.497538628,5.17733937,666.8150076,0.099030185,0.602322722,0.570240921
"mem892835",1.331557527,6.957102576,366.9868998,0.23087932,0.360927856,0.351218505
"mem893971",0.817241887,6.599981953,212.2784021,0.172051274,0.322653105,0.093834505
"mem893998",0.832506228,4.033979708,158.6787617,0.078529101,0.324839677,0.169295749
"mem894089",1.195498262,7.250121024,390.6876399,0.181783027,0.30141549,0.34444597
"mem894468",1.458933189,9.416945648,457.7025255,0.148811906,0.226612512,0.249909961
"mem895407",0.933255915,4.617470929,703.62178,0.135216204,0.273755004,0.358634328
"mem895426",0.485693689,6.394710689,338.1463439,0.094557449,0.318166778,0.46048981
"mem895599",1.418587754,14.57741342,447.484439,0.282595494,0.138855534,0.901374707
"mem896223",1.473848543,12.0755958,269.7243673,0.223402713,0.312027122,0.614575766
"mem89657",0.691046322,5.905518461,212.2017052,0.169800824,0.357484811,0.253261002
"mem896763",0.905107611,8.810019691,496.4701706,0.164743629,0.25614013,0.539995636
"mem898007",1.428295538,9.101394912,281.8180942,0.260111127,0.17264361,0.452040662
"mem899470",1.272544917,8.690135448,801.4085325,0.275374893,0.22643942,1.187445274
"mem900261",0.697070047,6.097757996,1261.099933,0.127871899,0.292113915,0.24337241
"mem901334",0.553371914,3.54036868,181.634929,0.063585562,0.354348848,0.349010836
"mem902416",1.356609304,6.46703439,253.1706326,0.150560039,0.481755266,0.307241035
"mem903579",0.522566848,6.651167765,491.2950971,0.116602906,0.261179894,0.472914783
"mem903732",0.877401452,9.414171275,1075.765733,0.251269479,0.324908524,1.602041241
"mem905762",1.724764529,11.23900892,268.2817365,0.296964016,0.118021204,0.103926906
"mem905768",0.971968416,6.745610569,286.6373913,0.144360478,0.430757586,0.035968628
"mem906456",0.614016926,6.328244786,236.4836673,0.14281838,0.385470082,0.316311019
"mem906467",0.890356983,5.315440626,595.3525002,0.135522422,0.236405662,0.246474503
"mem906782",0.936357118,6.84661853,361.1970736,0.138504898,0.43054452,0.558512101
"mem906840",0.919307404,5.545481579,620.6477544,0.167893562,0.356236914,0.325140261
"mem907154",0.959023497,6.384706227,1257.579476,0.152905564,0.389113315,0.380763018
"mem907207",0.98872187,11.06969746,236.0174535,0.285669153,0.318008282,0.288134212
"mem909733",0.431350102,5.260414259,239.7738697,0.112935083,0.374638798,0.440485848
"mem910447",0.462014031,3.566048661,778.2378021,0.023168225,0.432184935,0.788816665
"mem911648",1.18019112,8.670161847,292.0448034,0.236327794,0.278365067,0.645073821
"mem912336",1.459723272,6.256872721,538.9652747,0.150831811,0.337677549,0.035448975
"mem912786",0.754128415,10.08522994,512.4405638,0.183306497,0.153311275,0.5057023
"mem913052",1.501716217,14.06013202,174.8591981,0.248584072,0.035930907,0.755195054
"mem913959",0.438882252,4.142199934,351.7959328,0.08126136,0.228029312,0.237610116
"mem915001",1.047167288,7.613069633,312.7579993,0.189141035,0.32676958,0.301908408
"mem915754",0.442907801,4.468069719,265.2359114,0.021731221,0.372126234,0.959371681
"mem916010",0.878690641,6.012049262,248.9525949,0.207182342,0.172906209,0.058949701
"mem916528",0.800478548,7.21860641,1363.878968,0.155805872,0.290767379,0.112634633
"mem918182",0.733914283,7.348972761,539.0413079,0.210490405,0.167958327,0.312344518
"mem919328",1.198638189,8.128106853,1524.997591,0.190908482,0.712875287,0.988605051
"mem919653",1.840460196,20.08058655,744.9990295,0.302225566,0.088374461,0.313897774
"mem919925",0.542122141,6.879707745,635.3048809,0.054775777,0.489115493,0.347158676
"mem919980",0.621978381,6.414562442,408.8302711,0.091035159,0.501447144,0.645382715
"mem922187",1.151440992,7.31096173,1416.768641,0.219059804,0.156795384,0.651393001
"mem923779",0.845029337,9.778647265,490.5308522,0.201447183,0.326371305,0.363223524
"mem924699",1.013856323,6.569387333,291.3994092,0.19537686,0.529667403,0.471211185
"mem925290",0.852492438,10.89250172,154.0989549,0.218187966,0.123256489,0.816069643
"mem926885",0.410490498,3.176787125,1188.170525,0.020971459,0.563514493,0.969220349
"mem928728",0.893312298,7.288420376,266.6194194,0.197550142,0.394824075,0.13900755
"mem929342",0.933145766,7.640356352,595.1182739,0.114738526,0.25182044,0.14944147
"mem931395",0.838186879,9.726035237,136.7581452,0.183307167,0.16716597,0.439249813
"mem931784",1.94962566,10.5825045,746.2994559,0.252655858,0.119130671,2.138119248
"mem931889",1.164219422,7.92630905,383.3359904,0.196765867,0.380507071,0.216689526
"mem93240",0.429492543,4.628404977,1330.771495,0.063382722,0.423497634,0.334660942
"mem937160",1.376827583,9.087808778,883.2396841,0.288958597,0.076226081,0.294002654
"mem937271",0.90392263,13.51110139,385.3550708,0.210402776,0.413658824,0.167986222
"mem93785",0.99931102,14.73139876,499.5976294,0.242036069,0.203780858,0.041240038
"mem938125",0.541716306,4.141136254,118.6071496,0.084530642,0.24225124,1.149485629
"mem93822",1.118492669,6.83139038,192.486245,0.154507266,0.407258384,0.101448332
"mem938800",0.474211405,5.698237709,158.7296242,0.080467505,0.316034186,0.059681894
"mem940256",1.262842407,15.7865032,252.9023049,0.273112206,0.113722678,0.420237407
"mem940340",0.708799361,4.111609786,163.6232661,0.082036605,0.159298983,0.831774698
"mem940934",1.60561491,21.52219177,453.7689177,0.288554443,0.129214804,0.863809949
"mem941276",0.890766012,11.98884724,263.3153667,0.164552044,0.345417021,0.051643738
"mem941405",1.879328253,17.20006594,1025.945324,0.325670466,0.150125004,0.310177834
"mem944986",1.461047662,7.10989893,383.5829362,0.283679586,0.290627099,0.151005057
"mem945203",0.849152217,7.147434264,261.6295564,0.096694157,0.292425986,1.401958804
"mem946122",0.758995235,4.515217397,479.9602604,0.081896291,0.24356976,0.722687139
"mem946931",0.559388424,5.263994035,600.862791,0.086839789,0.188255999,0.680184124
"mem947561",0.744721754,5.17677287,187.6724519,0.132339683,0.367620353,0.137718716
"mem947906",1.145227599,10.83734953,360.2115758,0.206105565,0.314677764,0.280660906
"mem949252",0.865002979,18.24578835,107.8311153,0.225119105,0.069981876,0.70144629
"mem950434",1.794876047,7.666282276,476.1612722,0.214764453,0.310975137,0.454788731
"mem950906",0.648293165,9.51693952,135.4264032,0.166914289,0.185758223,0.279205318
"mem951351",1.225877325,7.201334606,159.7908899,0.239151882,0.265095283,0.504731526
"mem951692",0.939804204,4.784582912,188.7821712,0.143518265,0.169967223,0.138285011
"mem952680",1.398706497,21.70968874,493.8263416,0.305168459,0.179947008,0.522637848
"mem953617",0.606460687,4.363461924,391.9150048,0.148631185,0.628048247,0.381156413
"mem954194",0.544944866,6.819644283,422.2156163,0.158688793,0.24060521,0.580490391
"mem956602",0.728056241,6.813792182,909.147314,0.12428047,0.357227825,0.498567496
"mem956820",1.750315149,9.91012202,405.454245,0.230521831,0.237115204,0.213134166
"mem957305",1.179901623,12.70944713,300.3152379,0.236950735,0.10569072,0.42851611
"mem958280",0.564815576,7.218204726,1273.312982,0.102305091,0.441551009,0.517441728
"mem958630",0.977755623,6.759457674,190.1489059,0.245407309,0.140826637,0.680577472
"mem959309",1.184070233,11.17248996,176.6824083,0.25256973,0.078161317,0.422288032
"mem959489",1.558247255,13.02981511,493.8171228,0.261989054,0.107377861,0.192657743
"mem9599",1.015568691,6.925662069,311.3880335,0.159041476,0.213808665,0.156618375
"mem960130",1.422386013,11.72734505,664.2146978,0.239715732,0.457051362,0.3532932
"mem962565",0.778360837,10.38185789,257.8023636,0.140296298,0.689395608,0.280045541
"mem965492",0.608592725,7.651966833,1450.053595,0.1606304,0.293056756,1.483747174
"mem965862",0.563290042,3.345476903,153.181265,0.102731792,0.314678874,0.487860235
"mem967732",0.857795636,8.845869573,313.5565993,0.180096652,0.078954858,1.323094459
"mem968042",0.536838283,4.213770857,189.5060579,0.137056108,0.313272049,0.364326917
"mem968092",0.861571833,16.54654839,272.4634523,0.263664847,0.711536426,0.401499506
"mem968839",0.848886933,4.729896086,259.0700875,0.113301085,0.241246703,0.503318989
"mem969830",1.143604009,11.30895233,204.1503225,0.216198684,0.316943579,0.573411295
"mem969910",1.273331552,5.54604585,401.5471722,0.187680714,0.272935242,0.086213895
"mem971722",0.403130923,7.020166933,569.2617635,0.119762145,0.229827483,0.304804164
"mem971817",0.630716296,7.236923798,837.4865669,0.201891406,0.314835277,0.283754473
"mem973830",1.212430329,6.408482349,1883.854748,0.181542629,0.209421645,0.237597904
"mem974929",1.084928163,8.201745502,655.4762442,0.157753958,0.471346344,0.137441913
"mem97577",1.163906802,11.11647107,175.0924996,0.190203123,0.139891115,0.508837137
"mem976220",0.989240147,4.571993956,283.0405762,0.140327018,0.375900053,0.0046739
"mem976902",1.640673875,9.149774061,163.9226886,0.227389708,0.389202844,0.034305045
"mem9773",0.881109834,9.3111648,772.336647,0.200640567,0.40338648,0.73681369
"mem97829",0.567807166,4.956368416,127.2258043,0.079989718,0.32884977,0.339455205
"mem982348",0.596662061,6.552341224,87.51308015,0.128569076,0.119804538,0.569129837
"mem983485",0.623331432,6.676030216,761.9570829,0.15110354,0.285378236,0.35328086
"mem983918",0.395550915,3.579510758,461.5920283,0.010381811,0.250177522,1.535301294
"mem984444",0.859494812,10.12439058,505.7235784,0.155783763,0.228074444,0.238165052
"mem986069",1.773839933,7.223516032,450.6889513,0.238835632,0.123899092,0.79537368
"mem986312",1.601225685,18.13516131,546.9351514,0.267241005,0.302842791,0.419542586
"mem986882",1.021417731,5.025674293,958.2772503,0.159798968,0.283329877,0.123489836
"mem987617",0.677509014,5.033823764,115.4391641,0.116037089,0.185407002,0.640898571
"mem989885",1.900739889,15.56023097,201.8623787,0.337495095,0.113207494,0.369137394
"mem990787",1.007445508,11.04406912,798.3223917,0.202109334,0.642409417,0.274998364
"mem991476",0.466244923,2.759446911,251.767481,0.069818093,0.312824197,0.33559918
"mem992651",1.085209988,9.080972927,211.195956,0.24606637,0.434257804,0.024066083
"mem992857",1.318657901,12.30763152,128.1605624,0.209455158,0.190281177,0.499944704
"mem996058",1.114762975,17.36276126,203.0285179,0.244292695,0.205632497,0.391694504
"mem999685",0.786832455,5.495780663,253.6611217,0.201148013,0.174646831,0.353211761
"mem999787",2.955845477,15.52616004,537.6832319,0.351268213,0.349491595,0.496591261
