"sample_id","land_use","volcanic","solar"
"mem100492",1.031375144,0.647131455,1.994951317
"mem101042",0.87432231,1.535079502,0.403510125
"mem101270",0.826238988,0.521692277,0.714454321
"mem101704",1.597365397,1.018826362,1.158209353
"mem10174",1.426014556,1.189251905,1.445100454
"mem101832",0.716979408,1.106912185,0.839781062
"mem103022",0.708340249,0.828417188,1.823908609
"mem104057",0.699703033,1.100494727,1.743954447
"mem104452",1.734373818,1.15529574,1.019835403
"mem104778",1.077867095,1.132824503,2.19715711
"mem105062",0.749182657,1.481172424,0.352667031
"mem105601",0.823426174,1.054774345,0.640605525
"mem10656",1.490246727,0.90715989,1.935573243
"mem106832",1.407219691,1.254197594,0.608784317
"mem107328",-0.098221252,0.907016342,0.992727803
"mem108501",0.215283758,1.790531042,0.645426544
"mem110492",1.11476306,1.398318165,1.219216659
"mem11075",0.86345082,1.122015755,1.067335649
"mem110769",0.417031759,0.95383785,1.94695048
"mem111824",1.11513355,1.280750865,1.695087374
"mem112069",0.712553419,0.856337602,1.324196286
"mem112394",0.273220721,0.831382676,0.597977764
"mem113502",0.989188204,1.149150377,2.484729247
"mem113905",1.418084048,1.153490911,-0.012046587
"mem115101",0.968859151,0.487146079,0.741546396
"mem116904",0.936961799,1.316764009,0.274036318
"mem117167",0.091961084,1.405296561,0.596916283
"mem118391",1.077732383,0.663931341,-0.826751813
"mem119174",1.074886535,1.17486489,0.308822305
"mem119804",1.135904749,1.159938808,0.806179214
"mem120266",1.046686629,0.816997974,0.311494575
"mem120656",1.24872242,0.829722368,0.217637496
"mem12156",0.597406736,1.348158102,1.22216579
"mem124014",0.362472501,0.7918578,0.841780296
"mem127172",0.358171083,1.103081279,0.236718385
"mem127544",0.412216839,0.777131783,0.36567313
"mem128485",0.951603295,0.911261002,1.487669192
"mem12971",0.742950052,0.896250843,1.220873963
"mem130774",1.209663766,0.920829851,1.085351975
"mem130862",0.81434211,1.373645539,1.745437934
"mem131124",1.674253316,0.868481067,0.044689034
"mem132459",1.404167807,0.644765349,0.861861912
"mem133311",1.615131211,0.951494408,1.398648978
"mem13600",0.745781679,0.986944143,0.589646347
"mem136303",1.184463995,1.467336353,1.289660519
"mem137161",0.445506485,0.717548191,2.506071619
"mem138860",0.967225746,1.563238915,0.813560647
"mem139102",0.323709529,0.945854204,1.772460953
"mem140394",1.206733807,0.707827085,0.470386857
"mem14089",0.556105121,1.499193399,1.255349267
"mem141239",0.429333881,1.24592496,1.336465963
"mem143057",0.411096083,0.527715759,1.581292637
"mem143402",0.779668656,0.960691942,0.855917893
"mem144396",0.796120671,1.410690564,1.069625388
"mem144780",0.238931483,0.444689617,0.617838629
"mem145222",0.784835758,0.327518268,1.247678355
"mem145952",0.301459,0.934811913,1.027684221
"mem146471",1.27368268,1.305373525,1.458452011
"mem146788",1.204628606,0.967746876,1.526590605
"mem147048",1.460557652,0.711692109,0.63987697
"mem147505",0.684702828,0.781405303,2.029370233
"mem148528",0.905874875,0.846844933,1.140519112
"mem152744",0.535306466,1.320592512,1.591809309
"mem154207",1.057320205,1.202721871,1.422691458
"mem154215",1.215855708,0.811430708,1.150211405
"mem155937",0.653319036,0.800631916,1.887256998
"mem156343",0.631549497,0.782570299,0.964227007
"mem157335",1.950920167,0.410783661,0.668611264
"mem157841",1.828685972,0.723896509,1.592133624
"mem157849",1.291257605,1.178314698,1.132934524
"mem158160",0.33679798,1.163349205,0.225048802
"mem158516",0.568194495,0.814226047,1.524657945
"mem159264",1.430488649,1.188368424,1.79011982
"mem160729",1.115986312,1.309174362,1.582818407
"mem162893",1.598627372,1.100394859,1.431085311
"mem163301",2.003315775,0.831638546,0.580353927
"mem164144",0.616635638,0.870514384,0.632473326
"mem166285",1.021936364,0.731380955,0.407223093
"mem167102",0.653590727,1.318071325,1.128999762
"mem167104",0.154416944,0.338788448,0.018159683
"mem169291",0.703580637,1.281833246,0.701879902
"mem17049",1.355352199,0.971610604,1.910911652
"mem17087",1.380407361,1.405133622,1.198839439
"mem172049",1.388354486,0.490592026,0.69499098
"mem174671",1.257617143,1.150605469,1.725602831
"mem175561",0.408346951,0.999350829,1.908167539
"mem176360",0.441476384,1.247023226,1.371645115
"mem176566",0.666162315,0.594685643,0.710092624
"mem176684",0.72583605,1.099561825,0.763315603
"mem177665",2.052028039,1.015792152,-0.071737227
"mem178024",1.560679133,0.915492552,0.872687392
"mem178256",0.762761304,1.140772938,1.311509073
"mem179678",0.737197376,0.079539788,0.96358841
"mem179704",1.305071468,0.825486047,1.285528462
"mem179770",0.481467243,0.756319791,1.454319594
"mem180025",0.120636514,0.919954323,0.678200782
"mem182041",1.045219363,0.50348318,1.329091945
"mem182250",1.157767027,1.240322541,0.886844633
"mem182489",1.393334361,1.192399203,1.084096039
"mem182717",1.436333897,0.803664285,1.500888323
"mem184027",0.905334303,0.946631312,0.735064342
"mem186361",0.86113367,1.428247054,-0.058502481
"mem187079",0.854783178,0.958762304,1.480709851
"mem187772",0.758845092,1.138061248,1.163721546
"mem187980",1.630472486,0.597403312,0.458229624
"mem192171",0.745728344,1.165555347,0.785152043
"mem192310",2.056793603,0.848365521,0.837294527
"mem192910",0.897945038,1.170943255,0.645306327
"mem192912",1.475615875,0.912776991,0.52373556
"mem195517",1.101290121,0.745662458,1.026037912
"mem1956",1.165668896,0.426054609,0.79466424
"mem195686",0.722464952,1.37462425,1.476637323
"mem195812",0.782124078,1.049183679,0.37690839
"mem196024",1.391179062,1.485409656,0.882318968
"mem197009",-0.010485604,1.332829382,0.542254692
"mem197314",0.892204138,0.918373067,0.55560508
"mem198487",1.522524197,0.686936994,0.618733597
"mem199078",1.578312539,1.618751804,0.190591991
"mem200763",0.591064293,0.785902187,0.342306243
"mem201354",0.915461585,0.525987819,2.196028797
"mem204820",0.355617037,1.4863335,1.940031459
"mem204993",0.529022978,1.054841663,1.012054608
"mem205929",0.639865509,0.707417496,1.889773649
"mem206557",0.923556355,1.25309346,1.914250595
"mem208099",0.703499166,1.133678598,1.044775359
"mem208654",0.503813106,0.792815841,0.921003176
"mem210211",0.308156061,0.68588498,1.198468039
"mem211307",1.062836882,0.698460758,0.495099487
"mem211319",0.894132945,0.932107329,1.733557961
"mem212443",0.791440629,0.86030708,1.813215262
"mem212778",0.148078647,1.042051162,1.654206957
"mem215224",0.945678259,0.567713956,1.131091836
"mem216296",1.571259364,0.446024519,0.531442958
"mem218634",0.767512319,1.344092086,-0.510679036
"mem219356",1.611580237,0.492443139,1.182088009
"mem220001",0.43829125,0.780002817,1.275179699
"mem220222",0.795694558,1.245428181,0.920990174
"mem221847",0.915020393,1.053638658,0.687877116
"mem222050",-0.380346172,1.150871941,0.205222413
"mem222424",0.930811058,1.020563768,2.288687276
"mem222828",0.598022497,1.272279459,1.315771257
"mem223510",1.170175813,0.68924255,1.648848968
"mem224201",1.303056298,1.040100531,1.192773877
"mem224632",0.588283211,0.906131224,1.166172433
"mem224818",1.085046524,0.478491434,1.435191791
"mem225183",0.376308894,1.189659328,1.961476145
"mem227167",0.685666315,1.286963564,0.302124187
"mem227535",0.471933219,0.937216591,1.028711927
"mem227546",1.602934385,0.760108108,1.134922516
"mem232377",1.481585437,0.748281166,0.961656323
"mem232597",1.737639111,0.330525493,1.21275328
"mem233837",0.814055732,0.735973486,0.296642421
"mem234186",0.748107071,1.201080762,1.103700738
"mem235443",1.346828184,1.063470778,0.535160297
"mem235739",0.392933308,0.812682051,0.191617066
"mem236270",1.341124711,1.099822342,1.533320722
"mem236332",0.563379561,0.632911022,0.843340732
"mem236700",1.317449911,1.0462439,0.658465003
"mem239889",0.730242157,1.342868819,0.509909074
"mem241137",0.530683836,0.769191718,0.617069954
"mem24134",0.824028775,1.002774041,0.845480175
"mem243083",0.555614588,0.935681659,1.197141785
"mem244194",1.356655234,0.71262994,0.968794742
"mem244570",1.101136736,0.739313486,0.315915421
"mem245349",1.620365873,0.698718114,0.354732578
"mem246055",0.674933035,0.501158401,1.738066387
"mem246764",0.772556141,0.644106515,0.986206656
"mem246944",1.285999888,1.044332127,1.088530198
"mem247258",0.469460982,1.401962182,2.22026549
"mem249246",0.591340367,1.296398252,-0.377785175
"mem249959",0.541028154,1.239105365,0.497683827
"mem25284",0.426396529,0.426405277,1.136510127
"mem253022",1.260528514,1.103657609,0.301146019
"mem25321",0.959383121,0.650345381,0.610238319
"mem253728",1.577181155,1.256156434,2.4495639
"mem254052",0.897627403,1.265929465,-0.302397898
"mem254271",1.87602348,0.402791242,1.376577593
"mem254928",1.147902416,1.502060523,1.163496859
"mem255913",1.58268614,0.184778156,1.177105824
"mem256524",0.506214447,0.606875581,-0.060377567
"mem257406",1.328940745,1.08430765,0.515280975
"mem257776",1.398213946,0.480897984,0.805497767
"mem259098",0.856821214,0.825906752,0.106892916
"mem259342",1.293241485,1.527134717,1.620505281
"mem259377",2.532527314,0.849812257,1.533422298
"mem259915",0.915374164,0.770020108,1.437805858
"mem261577",0.439489667,0.68348245,1.78856896
"mem261648",1.445266411,0.776803066,1.469447462
"mem262190",0.885143235,1.068207795,0.781964362
"mem26337",2.145795681,1.025753408,0.285474436
"mem263722",0.816222198,1.352806224,0.811733322
"mem264749",1.207791673,1.673825306,0.28421412
"mem265153",1.199312434,1.208353744,0.654616732
"mem266031",0.420243298,1.319370518,0.166109963
"mem266839",0.370345607,1.12465529,-0.317531616
"mem268148",0.906309476,1.285108805,1.238548411
"mem268734",1.213612224,0.355400905,0.935415204
"mem269114",0.458492655,1.226380393,0.637402842
"mem269919",1.053079249,0.834667599,0.876475561
"mem270091",1.887574891,1.276371282,1.427539628
"mem27212",0.945730381,1.019428025,0.630238617
"mem272285",0.685856827,0.359234119,2.180124934
"mem275220",1.294655152,1.298667874,0.504818572
"mem275279",1.246831416,1.663428562,1.407697788
"mem276248",1.869183934,1.451878063,0.417578902
"mem276552",1.041716282,1.572988625,1.382746023
"mem27701",0.980877414,1.267749029,1.292150011
"mem277487",0.56603235,1.210020554,0.322784379
"mem27795",0.854058419,1.097150222,1.159000541
"mem278305",1.381428187,0.430633501,0.402928999
"mem278532",1.321198235,1.262723632,2.060257075
"mem280828",1.08453876,0.902988221,0.928987314
"mem281369",0.272008202,0.998608314,-1.183496044
"mem28212",0.555747149,0.431973712,1.075277371
"mem28271",1.138092513,1.383026559,1.694072889
"mem283459",0.741296902,1.350838583,-0.06931369
"mem283760",1.440483919,0.662512025,1.333654778
"mem284350",1.187767478,1.035680016,2.613627891
"mem285976",0.524055366,0.472673937,0.640511037
"mem286148",1.802965163,1.278381909,0.898813002
"mem287935",1.014049432,0.630941656,1.856256742
"mem288176",1.924341131,1.263788975,2.111746305
"mem288327",1.424424844,0.296263691,1.525872356
"mem289193",0.716726614,0.965929842,0.111711877
"mem289635",1.601247715,0.823572717,1.795599639
"mem290620",0.593139342,0.950471933,1.520542622
"mem290954",1.545357846,0.791905478,1.334945951
"mem291380",0.936286798,1.340406715,1.469943557
"mem292094",1.306373505,0.801318781,1.564116787
"mem292169",1.063361816,1.189743355,1.437638739
"mem292589",1.008389352,0.628716795,1.566404871
"mem292633",0.654531603,1.744146944,1.036101842
"mem295272",0.261693818,0.631465262,0.460555735
"mem296234",0.588042551,1.417766876,0.139679786
"mem296760",0.912436953,1.023126941,0.596364861
"mem297462",1.141529817,1.219780542,1.802856017
"mem297494",0.230023595,0.722450122,1.263943446
"mem297873",0.86657969,1.104849853,0.875036582
"mem299950",1.662365259,0.92175528,0.341232395
"mem301982",1.185564282,0.830364536,0.683653684
"mem302432",0.820257723,1.164069871,1.912608919
"mem302519",0.550712074,1.01545412,1.559525073
"mem302714",0.764730721,0.67501349,1.0032781
"mem303066",0.654735609,1.03869842,1.554409848
"mem30351",1.595759091,0.813499673,2.030994036
"mem303885",0.942858686,0.997718845,1.136476603
"mem303928",1.327565773,1.014621564,0.447013714
"mem304621",1.147719458,0.618936105,0.45733151
"mem305065",1.558060572,0.863730159,0.663958876
"mem306303",0.681183127,1.097656151,1.263368516
"mem307391",1.957145304,0.89872053,0.401279706
"mem309732",0.867487258,0.854525817,1.007240046
"mem31004",0.346336367,0.951925274,0.385068806
"mem310342",1.398168983,1.257717434,1.361554959
"mem311317",1.552159995,1.076575272,0.052024204
"mem31396",1.406320746,1.205962305,1.418828445
"mem316263",0.292677129,0.755181583,0.798703443
"mem317323",0.621234767,0.344719427,0.779175826
"mem318575",0.447944487,0.705593314,0.690809388
"mem320651",0.718626118,0.758303271,0.628884158
"mem320974",0.7311241,1.343929447,1.771012025
"mem322258",0.461339583,1.28865957,1.878931234
"mem325609",0.707630094,0.906873693,1.646068424
"mem326150",0.863760089,0.878364109,0.557483694
"mem329832",1.512351705,0.77549438,0.824747337
"mem330986",1.484861489,0.674093271,1.288249169
"mem331103",0.84661704,1.220186891,0.194262799
"mem332249",1.536162973,0.543470706,0.489953406
"mem333357",1.214069946,1.095233644,0.184874516
"mem333438",1.199789996,1.436011405,0.443181104
"mem336346",1.418385673,0.879946712,0.92562274
"mem336398",0.918737135,1.068583432,0.747134166
"mem337382",0.835137103,0.687068085,1.581123235
"mem339048",0.972222206,0.853063022,-0.077547508
"mem339049",1.608036659,1.063132347,1.067373575
"mem340205",0.941750457,1.023654404,0.970399364
"mem340311",1.56017475,1.074256244,1.317094839
"mem34062",1.522181119,0.781358209,1.500322265
"mem340625",0.926484536,1.152439121,-0.219414934
"mem342049",0.497034808,1.242186817,0.430621006
"mem345241",1.200548135,0.739869464,0.526426643
"mem345937",1.553242488,0.538968385,1.685211687
"mem347123",0.249409779,0.733579062,-0.040810846
"mem347533",0.882673228,1.412589103,0.377753355
"mem347961",1.19476038,1.335605111,1.264323073
"mem348434",1.66010265,1.3220751,0.619634686
"mem34912",0.75648693,1.392770471,-0.497522386
"mem349810",1.029093871,0.927548941,0.976264124
"mem350077",2.017358129,1.029252479,0.765422876
"mem352416",1.230861081,1.545783195,1.21620885
"mem352833",-0.218396267,1.396755063,1.712783361
"mem353298",0.615347852,1.01996576,1.523645436
"mem35502",1.589497685,0.830932389,0.816091309
"mem35633",0.422049535,0.807003795,0.871243429
"mem356339",0.617646758,0.816517246,0.554164048
"mem356609",1.271191709,0.762179126,0.382222564
"mem357689",0.656605361,0.693426574,0.881556571
"mem358022",0.882307854,1.174218253,1.271422791
"mem358311",0.708398872,1.418570616,-0.168210097
"mem361324",0.734802506,0.763241289,-0.26976398
"mem362337",0.497079704,0.253709446,0.25258963
"mem365122",1.261344096,1.131649158,-0.02749553
"mem365533",0.537109126,0.603031705,0.794385625
"mem365988",0.826167417,1.405749293,1.503557425
"mem366407",0.682278418,1.445672211,0.72529379
"mem366472",1.287744344,1.025989429,0.825767743
"mem366818",0.147635592,1.268159456,-0.150239863
"mem368126",0.759556035,1.5061241,1.095109162
"mem368303",1.776950686,0.554144967,1.653918133
"mem368307",1.858357439,1.179239727,1.383368714
"mem3687",0.640956604,0.989904862,0.371184514
"mem369080",1.511134041,1.386686821,1.194918112
"mem369345",0.49011398,0.816463481,0.318368112
"mem369368",0.682256196,0.507359441,0.786764233
"mem370716",1.742050262,1.134227951,1.386330022
"mem371646",1.141863815,0.971447736,1.165120336
"mem373635",1.359047473,0.949331465,1.793936151
"mem37474",1.560630171,1.560618111,1.028363057
"mem376686",0.683727289,1.804787962,1.17248963
"mem376708",0.827858958,0.993547308,0.378418555
"mem377719",1.291638703,0.881345425,0.33005231
"mem378085",1.027507908,0.49828649,1.913636649
"mem37842",0.475204266,1.167515769,0.495343035
"mem379784",0.244979539,1.296153112,1.069497807
"mem379876",0.558435548,1.1748958,0.188429393
"mem380071",0.395785658,1.168480344,1.686829098
"mem380937",1.252898141,1.463078381,0.763084261
"mem382392",-0.09495992,1.354911938,1.321857582
"mem383087",1.955181159,0.45035131,0.854436111
"mem383227",1.032476465,0.521169015,0.445782821
"mem383553",0.5493225,1.125360704,1.080781458
"mem383672",1.529213361,0.929721219,0.027144297
"mem386463",0.772787232,0.996198503,1.458581113
"mem388555",0.305992482,0.817137081,1.23177644
"mem390090",1.486574375,1.539302604,0.774339875
"mem391726",1.799818803,1.109018256,0.598342685
"mem392980",0.906615616,1.377178924,1.192685746
"mem393154",0.40248585,0.943363961,1.633724769
"mem395016",1.059433918,0.958154113,0.974247421
"mem395294",1.424766902,0.869290012,1.31139456
"mem396080",1.56337488,1.005438024,-0.744007073
"mem39639",1.334604521,0.959935632,1.402439637
"mem396394",1.335570352,0.554027813,0.745190682
"mem396716",0.703485441,0.965264398,1.121480769
"mem399550",0.474065854,0.947146503,1.158127007
"mem399688",1.084965778,1.29278893,1.065443042
"mem399717",-0.426914735,1.349025808,0.955979831
"mem401313",1.352871345,0.926246173,0.249015385
"mem401388",1.092724,1.2887861,1.761189475
"mem401559",0.655303933,0.991954862,0.853491514
"mem402531",0.440275541,1.059168945,0.961829843
"mem402793",1.026771847,1.212438044,0.699060297
"mem404609",0.777748852,1.304089027,0.452552221
"mem40636",0.369385374,0.720180571,1.440460172
"mem407615",0.799246003,0.741411953,0.686185069
"mem408017",1.550668529,1.555569414,0.750803983
"mem408108",0.577473079,0.735580334,0.931171669
"mem408346",1.146520164,1.221688132,1.08396371
"mem408568",1.397354315,1.160158794,0.810367886
"mem40865",1.262104829,1.299100933,1.438510576
"mem408966",0.041841649,0.838044169,2.130145162
"mem409752",1.603527102,0.909916303,0.934870607
"mem410635",0.821751479,0.811321098,1.352177237
"mem413895",0.858124784,1.01144715,-0.099345345
"mem414056",0.941113718,0.873376895,0.116501826
"mem415311",1.139229019,1.231090837,1.480690208
"mem417789",0.61214394,0.979589482,1.099154177
"mem418287",1.095653161,1.482766468,1.921497959
"mem41861",1.080522608,1.018517279,1.253495874
"mem41950",0.439481027,0.894393175,0.73339867
"mem419548",0.397674729,0.571523904,0.182231675
"mem420704",1.251785695,0.71331591,0.459161798
"mem421592",1.240841644,1.197667099,0.209651571
"mem422144",0.895872446,0.987054473,1.326777945
"mem424117",0.811861658,1.299546668,1.630355064
"mem424197",0.609545464,0.49535194,1.071628313
"mem424464",0.80261434,0.94864878,-0.042524237
"mem424714",0.687003292,0.97010483,1.649883027
"mem425054",1.094991834,0.992400504,1.072044619
"mem426046",1.168332942,0.73365729,0.607036736
"mem42634",0.872241503,1.200764705,0.77774219
"mem428784",1.072972229,1.190105163,1.780635188
"mem430063",1.091935617,0.606301194,1.174769485
"mem431763",1.894702468,0.834633226,0.684103952
"mem434467",1.03786134,1.413941435,0.959500951
"mem435590",1.184482777,1.255086128,1.928718796
"mem4356",1.038530713,0.754430031,0.536731338
"mem435611",1.01229298,0.849424708,1.502390758
"mem436535",0.516082883,0.416145093,0.70371195
"mem436782",0.712902072,0.900299867,0.103765203
"mem4370",0.974169596,1.034265303,0.756136201
"mem43755",0.97477498,1.270215985,1.08658755
"mem437766",1.333282816,1.063627813,1.148672036
"mem438299",1.068617289,1.149964237,1.666953192
"mem438640",0.903917022,1.035994126,-1.233285249
"mem438645",0.508211479,1.131746925,0.236716214
"mem440494",1.008510928,0.744915868,0.812699483
"mem440692",0.896159854,1.115285515,0.219135935
"mem441629",1.59952605,1.608555084,1.710753084
"mem44169",0.580435085,0.666867884,1.411705202
"mem44203",0.310930329,1.117864567,1.83843634
"mem443519",1.343632204,1.122694104,0.706481338
"mem444084",1.062152317,0.982931023,1.322278367
"mem444205",0.023589792,0.981814214,1.156887996
"mem444783",1.797324631,1.07823377,0.098779239
"mem445174",1.861037576,0.699714022,-0.35056022
"mem445634",0.833671285,1.262802531,0.494702431
"mem448130",-0.327152179,0.790408454,1.642010033
"mem448892",1.354591083,0.647569858,0.573973513
"mem448969",1.329351636,1.319535815,1.341623184
"mem449102",0.516836028,1.137839045,0.42401322
"mem449226",0.363361374,0.813172803,1.144216868
"mem454848",1.297967061,1.180466292,-0.741650094
"mem455056",0.469811746,0.784041871,-0.655858136
"mem456110",0.829929523,0.722071819,0.974719155
"mem457340",0.925824759,1.046619491,1.037557181
"mem45942",0.593641378,0.739878116,0.371941591
"mem460496",0.489923211,1.596729272,0.564961859
"mem460668",1.350405879,1.225191371,0.998371266
"mem461031",1.237923923,0.643402977,1.149485446
"mem461787",1.396188608,1.023916015,1.231703639
"mem462107",-0.083543988,0.795358471,0.625821321
"mem462632",2.056656539,1.384483483,0.675950181
"mem463223",2.018858632,0.961309526,1.137070427
"mem463438",0.998538213,1.036245995,0.424711475
"mem465054",0.229358665,0.669441596,1.126746931
"mem46560",0.869338365,0.856151294,1.817803791
"mem466244",0.584676313,0.745751977,0.530166731
"mem469037",1.895331394,1.166760366,1.211026566
"mem469103",0.742835864,0.726773857,1.145847957
"mem469635",0.508262854,1.189693223,0.88169983
"mem470078",1.131541216,1.167760191,0.882120532
"mem470985",0.886245554,0.46811904,0.998321783
"mem471636",1.486323515,0.724575977,1.847506158
"mem472548",1.134971581,1.050625117,-0.338767383
"mem472792",0.736094694,1.055740319,0.856862891
"mem473150",0.988267865,0.957427239,0.005086218
"mem473579",1.629182336,0.794560159,0.391105578
"mem47520",1.267661166,1.260914302,0.656812459
"mem476106",1.281542497,1.223836878,0.434962627
"mem476204",0.89488772,0.631486984,0.214420349
"mem477110",1.760695702,1.533059633,1.754957992
"mem477380",1.299031231,0.842405349,0.652738516
"mem477757",0.69679701,1.23215778,1.241308588
"mem478680",0.093896557,0.65452214,1.297317355
"mem480425",1.618917855,1.32863213,0.202253174
"mem481431",0.591482149,1.374753547,1.611762176
"mem482318",0.301074951,1.122723939,0.560616408
"mem482787",1.109921913,1.066668967,1.251748975
"mem483045",0.82260852,1.260447126,0.571458191
"mem483736",0.72627368,1.053909031,1.128256057
"mem484363",0.969192391,1.029599914,1.212319314
"mem485705",1.727841154,1.071886305,1.783123129
"mem487224",1.367574941,0.854392063,1.608462191
"mem487343",0.537495948,1.104222979,0.469850975
"mem488066",1.141388757,0.848335438,1.469877967
"mem488265",0.761144207,0.86731376,1.429420691
"mem489426",1.315429976,0.058222387,1.409341468
"mem491395",0.230374002,0.830922717,0.680235086
"mem491666",2.127575401,1.522017464,1.581000343
"mem492293",1.589472346,1.150692512,1.230742349
"mem495318",1.202779642,1.303593156,0.808963836
"mem496615",1.177752,1.497565969,1.303159301
"mem497035",0.913241792,0.411668779,0.51356485
"mem497689",1.695492549,0.869191548,0.581293137
"mem501411",1.674295483,1.274757177,1.041769253
"mem501737",0.736842962,1.641347161,1.092772004
"mem50356",0.637011444,1.179628419,0.274738902
"mem504902",1.205591143,1.052420173,1.147726879
"mem505130",1.082149447,0.656531628,1.026436147
"mem505569",1.063186657,1.073871975,0.954494669
"mem507163",1.350047988,0.51309821,0.16925499
"mem509837",1.494411363,1.092315042,0.909649217
"mem511646",0.972828405,0.350659943,-0.103247974
"mem511682",-0.001839545,1.025093438,0.459701577
"mem512688",1.209950204,1.020931172,0.266729347
"mem512883",1.026844341,0.474070953,0.409040762
"mem5147",0.839736851,1.039422125,0.304458199
"mem522767",1.183978161,1.392363065,0.731427477
"mem524085",1.511369373,0.574487557,0.209117907
"mem526258",0.820530684,1.275021194,0.85156545
"mem527653",0.718985813,1.215880164,0.926523979
"mem530734",1.038855401,0.758729304,0.331538949
"mem531562",1.185904255,1.045499121,0.034875272
"mem532677",0.523258887,0.86096652,1.648873237
"mem533366",0.918060843,0.474413649,0.55122564
"mem535851",1.197330725,1.254586219,2.100611217
"mem536110",1.638021729,0.955276526,0.615333058
"mem537316",1.160615642,0.75565639,1.692677942
"mem5391",0.713942007,1.026043162,0.300883197
"mem539416",0.445494073,1.248516174,1.514514959
"mem54094",0.226563291,1.025373813,0.931079251
"mem541352",1.289760349,1.208274031,0.145274747
"mem542165",0.656178324,0.878297832,1.35822205
"mem542407",1.047007809,0.779614594,1.457613606
"mem542642",1.269584845,1.034885247,0.023956858
"mem54272",0.615181223,0.838026091,0.507318906
"mem544067",1.044296419,1.0078381,1.884815527
"mem544582",1.742806315,0.663371906,2.029384555
"mem546034",0.336993728,1.298708962,1.67910492
"mem546305",1.415092702,1.243084024,0.758408378
"mem546328",1.603159891,1.222365074,1.598889329
"mem546649",0.027691204,0.874402378,1.113925192
"mem547180",1.793942527,0.526725445,1.644181507
"mem547423",0.903041618,1.432504133,1.141168647
"mem547754",0.888108762,1.370864418,1.544643248
"mem547945",1.41710682,0.6589833,0.616605586
"mem548032",1.251305946,0.902670278,0.938735961
"mem54894",1.193746422,1.223925196,1.694595863
"mem552429",1.372968144,1.270423467,0.169082267
"mem553666",1.605499529,0.621215938,1.053002028
"mem553934",0.620856364,1.066623179,0.948858829
"mem555362",0.282194554,1.449848919,0.272582188
"mem555558",1.231856999,1.220287366,0.692770747
"mem556646",1.048509105,1.01598917,1.838161575
"mem560522",1.220646217,1.017956147,1.700630076
"mem560541",1.556775719,1.385143736,1.351122303
"mem560950",1.349509598,0.347225223,-0.819335545
"mem561351",1.089280254,0.825372968,0.055570595
"mem562175",0.994556959,1.120512364,1.316858313
"mem562945",0.592843384,0.931387872,0.70882875
"mem563996",0.523455555,1.208786194,0.542749678
"mem564074",0.627244917,0.950687717,1.065146597
"mem565181",0.81840172,0.976169692,0.183956606
"mem565578",0.369849826,0.929327857,0.958760978
"mem566910",0.823114378,0.939501842,1.414973018
"mem569852",1.662703909,0.90086988,0.615240815
"mem570631",0.748028629,0.868627002,0.027624374
"mem574255",1.444582257,1.167096559,1.303622164
"mem574888",1.503007027,1.41584788,1.29845632
"mem57562",1.211877985,0.851222912,0.458698681
"mem57691",0.743442617,0.985960019,0.923013002
"mem583564",0.218023376,0.690758366,-0.025902217
"mem584121",0.993752174,0.881511225,2.027633105
"mem585370",0.836138991,1.014043744,0.633121564
"mem586764",1.135891969,0.545650542,0.91748075
"mem587946",1.258626668,0.968122028,1.358779229
"mem588203",1.34620522,1.064630351,0.970829114
"mem589078",0.607110768,1.049256676,0.185255131
"mem589102",1.594906377,0.998980926,1.270850648
"mem590366",0.211319766,0.786574452,1.218849912
"mem590540",0.931104421,1.036289216,2.165250719
"mem59157",1.12804315,1.180287297,0.77331042
"mem592143",0.535636608,1.024586072,1.622688647
"mem592486",1.200676021,1.140877585,1.278685803
"mem594051",1.310687935,0.945171396,1.575166836
"mem594585",1.426927264,1.290962386,1.962763556
"mem594947",1.065124318,0.784129727,1.707128647
"mem595017",1.176254781,1.208997535,1.437119999
"mem595320",0.753909046,0.862155373,0.805929451
"mem595330",0.942850823,0.767947444,1.572962919
"mem595580",0.180330838,1.06249097,0.740028611
"mem597371",1.638843051,0.60063389,1.922191986
"mem597752",1.10858269,1.266681173,0.528644184
"mem598423",1.243783968,1.221103791,0.724025398
"mem59897",0.783213307,0.822760421,0.757294563
"mem601338",0.87853047,0.910874375,1.548870535
"mem601465",1.024055976,0.698416849,0.661869009
"mem602473",0.90255465,1.086419794,1.819285063
"mem602724",1.730188447,0.69894076,1.852782526
"mem605339",1.087798111,0.785150158,0.481764767
"mem606837",1.563012268,0.501207267,0.735192623
"mem607428",1.047703292,1.132771216,-0.008103535
"mem607537",1.089197984,1.334730064,1.393899519
"mem607801",0.157539835,1.236157391,2.564952669
"mem608312",1.093233308,1.535353085,0.639917419
"mem608384",1.81293278,0.548069639,0.33932151
"mem608765",0.982829199,1.077658973,0.138956903
"mem608776",1.599391592,0.629724977,0.227281731
"mem610830",1.443439995,1.093131998,0.137407826
"mem611247",1.471931051,1.445502704,0.544455916
"mem611474",1.038000716,1.086732557,1.366114392
"mem61387",1.551489846,1.102262311,0.51830466
"mem614114",1.743588054,0.258505823,0.974395795
"mem615034",1.011373098,0.654019208,0.829586524
"mem615147",1.356844482,1.491803417,0.166964337
"mem615983",1.761568304,0.637606645,1.711518861
"mem616381",0.944390837,0.775036434,0.924819338
"mem616860",1.374329869,1.20046842,0.364473211
"mem617025",1.354555808,1.127676921,0.967636323
"mem617044",1.531773975,0.632184473,0.866123301
"mem618544",0.414516976,0.853760268,0.180091422
"mem618641",1.528628871,0.649424744,0.434787276
"mem619964",0.907244499,1.034484998,1.33389208
"mem621124",1.521733233,1.056667785,1.485357745
"mem624310",1.055237783,0.727419255,1.494161099
"mem624890",0.577828118,0.714231697,1.278366554
"mem624971",1.021931685,1.022020792,1.301113768
"mem626682",0.835666122,1.026543972,1.605334339
"mem6269",1.822991911,1.111180622,1.165841251
"mem627572",0.872457345,0.450518589,0.815437389
"mem627825",0.570494291,0.926467659,1.712934785
"mem629879",1.113004858,1.509434021,0.582439738
"mem630388",0.718320816,0.675127821,2.126420042
"mem632675",0.853830764,1.196440762,1.273353604
"mem634318",0.79503364,0.961624129,0.335848662
"mem634961",0.932461828,0.78630927,2.168734061
"mem636004",0.971954165,1.141170251,1.891794535
"mem636835",1.217608887,1.079502499,1.480708274
"mem636951",0.435752431,1.162694539,1.674271184
"mem638553",0.706546346,1.130519809,1.194893199
"mem638674",1.697985829,1.235988111,1.56372579
"mem639066",1.447337539,1.299708169,-0.318963683
"mem639576",2.145574548,0.971826637,1.58648988
"mem641113",1.097785655,0.99781816,0.634233632
"mem64233",0.71148834,0.979721443,2.238322107
"mem643044",1.404398929,0.64789132,0.908554619
"mem643114",0.950467768,0.456721907,0.915699709
"mem643718",1.568320172,0.745283175,0.842763714
"mem643994",1.920007268,0.888028032,2.192540415
"mem6456",0.912572449,0.885907741,1.764674506
"mem647897",1.094238743,0.825570246,-0.323404581
"mem648541",0.706418523,1.190252938,0.820352837
"mem650572",0.113491421,1.189505729,0.642804546
"mem65150",0.909530673,0.830120626,0.07579148
"mem652360",0.557169209,0.838373463,0.621922371
"mem652938",1.737335397,0.767375832,1.868184742
"mem655496",1.106113738,1.272933955,0.933009995
"mem658568",1.061060205,1.455102367,0.717810313
"mem658696",1.382563648,1.266553321,0.964739726
"mem66026",1.414496769,0.668033388,0.343611053
"mem660385",1.118298882,1.017335085,1.685592661
"mem660695",1.570563583,1.338981354,1.325588372
"mem661170",1.06228487,0.751765266,1.888947757
"mem662645",0.953189653,0.921132515,0.65931763
"mem662776",1.63580825,0.801232993,1.269079213
"mem663174",1.573388356,0.658083752,0.944574302
"mem663822",1.249513366,0.950118847,0.641173599
"mem664484",1.805155652,1.109640939,0.764835407
"mem664742",0.652629025,1.525443856,1.12483373
"mem669820",0.902876637,0.899983837,-0.738332441
"mem671458",0.9387955,0.74357709,0.526575428
"mem672895",1.009583386,0.959912598,0.210080074
"mem674070",0.435901094,1.012985683,1.438031611
"mem674381",1.076383941,1.113422019,1.56952498
"mem674412",0.557679175,0.889462195,0.929458677
"mem674698",0.493948205,0.935962621,0.744928098
"mem675997",-0.000334232,1.07441634,0.055741535
"mem676453",0.996623855,0.587084008,1.350742381
"mem676684",1.000911397,0.720746517,0.332174737
"mem678304",1.361365952,1.158052023,1.091578486
"mem679014",1.106758763,0.756830355,2.057145015
"mem679759",0.501022157,0.673636824,1.1957277
"mem679971",0.897595453,1.141615311,-0.515189116
"mem681051",0.939971117,1.08787807,1.387138512
"mem681815",0.856139067,1.210422033,0.954100764
"mem686118",1.906225358,0.859509034,0.947695102
"mem686677",0.864275286,0.885831174,1.112816269
"mem687048",0.713484075,0.669788675,1.121370705
"mem687528",1.654920874,1.001990567,2.334739185
"mem689329",0.943375413,1.049538668,0.370475693
"mem689375",1.234660992,0.976418772,1.050599857
"mem691252",1.449359014,1.308501035,1.401801451
"mem692577",1.081885837,1.027004962,0.919932761
"mem693140",0.463631878,1.319969732,2.008132421
"mem693195",0.957752154,1.254131621,0.261518899
"mem694545",1.249700017,0.936012362,1.438954982
"mem695646",0.098594362,1.599291072,0.720151787
"mem696275",1.25486362,1.091392633,0.963760227
"mem697284",1.104089062,0.906192034,0.360127436
"mem697984",0.543052196,0.791978463,1.163368637
"mem698090",1.41548455,0.985368044,1.675291414
"mem698282",0.524916137,0.691788813,1.138592683
"mem698874",0.634080458,0.839326628,1.36445788
"mem700109",1.306055152,0.598697573,1.476762557
"mem700418",0.326629733,1.313236411,0.726204551
"mem701411",0.229656134,1.264254162,0.806436523
"mem701893",1.595397964,1.667063446,1.706899199
"mem703301",1.572950147,0.960366229,0.922839843
"mem703468",1.364125921,0.96427666,0.283110822
"mem703656",0.855066553,1.117127245,0.146338877
"mem703975",0.772048882,0.702364572,0.592537882
"mem705590",0.472371716,1.825509611,0.296394283
"mem705900",1.510425355,1.339044263,1.523101516
"mem707328",0.975291455,1.101604498,0.733157204
"mem707832",1.725913477,1.112636849,0.884197219
"mem70954",0.633909424,1.462357639,1.706823313
"mem710033",0.725685217,1.327377561,1.502143274
"mem71007",0.763493268,1.165644852,0.598802817
"mem712014",1.207586708,1.05216752,1.035414852
"mem712049",0.77725215,0.920975123,1.420122752
"mem71519",1.735859704,1.067563303,1.8425359
"mem7155",1.409900928,1.187585379,1.921545032
"mem715777",0.956415479,0.928167028,1.514373682
"mem715914",1.261439903,1.127622304,1.409059205
"mem716546",1.116545707,0.795041694,1.396485869
"mem716610",0.769539475,0.924856813,1.160442261
"mem717722",1.815716575,0.750789301,1.584226013
"mem718674",0.812678405,1.26819083,1.561155999
"mem719057",1.812187889,0.945252347,1.6689983
"mem719463",0.675730879,0.951969725,0.846471949
"mem724344",0.833343975,0.655362978,1.188421297
"mem724383",1.832845974,1.424079114,1.222605891
"mem725003",1.499802187,0.863423439,1.731083978
"mem725603",0.819950747,1.581861389,0.696140771
"mem727374",0.523815865,1.01377344,1.76545087
"mem727605",1.268686094,1.033755804,0.972436923
"mem728819",0.46695386,1.20361114,1.204820678
"mem729404",1.465790052,1.714350086,1.616195601
"mem731567",1.539981791,0.806946801,0.197700619
"mem731645",1.590458371,0.681260909,2.292127854
"mem73322",1.421580118,0.90556876,1.373107357
"mem735000",0.878036104,0.459694349,2.092783438
"mem737890",0.687211129,1.650002827,0.409746823
"mem738365",0.448335498,1.54508208,2.019744205
"mem73862",0.870633921,1.287432821,1.361000132
"mem738771",1.019593558,0.93810629,1.451375032
"mem73880",0.681558394,1.680146906,1.215231639
"mem739773",0.648567449,1.111339443,3.219435645
"mem740464",1.13021634,1.292367587,1.210773183
"mem741059",1.203681353,1.320516779,0.956063641
"mem742295",1.178732492,1.371995969,-0.163379902
"mem743062",1.278034052,1.561675975,2.490277009
"mem743785",0.966896538,0.936095895,0.976143415
"mem743811",0.642633627,0.953033314,1.220508989
"mem746037",1.800474246,0.76567237,1.702313738
"mem746268",2.31855643,1.229651214,0.736172443
"mem747752",0.423738781,1.494944689,0.644433765
"mem74863",0.815183367,0.923227234,2.38789307
"mem749040",1.285767685,1.430901981,0.226345133
"mem749607",1.07572928,1.244173926,1.506805025
"mem750536",0.647447502,1.158710234,1.690717774
"mem751194",1.243482162,1.189831501,1.851374649
"mem751609",0.529983607,1.175291649,-0.618933293
"mem75206",0.607094021,0.892567826,0.251929161
"mem754678",1.632481596,1.050514686,0.991560538
"mem754951",0.718256933,0.783690924,0.084958695
"mem755406",0.918790407,1.206931084,0.971140312
"mem756357",0.533185758,1.491205403,0.61818638
"mem756957",1.306404112,0.607017565,0.672698049
"mem757750",1.238257936,0.631015451,1.22223095
"mem757866",1.75059743,0.806986939,0.828173022
"mem761268",0.702310063,0.91067146,1.110654883
"mem761690",1.276103804,1.283607343,1.059015268
"mem761734",1.725946619,1.203969998,1.137978983
"mem76175",0.095298375,1.013485051,1.836277401
"mem762481",0.374166009,1.302922399,1.143192567
"mem763570",1.28653741,1.248059746,0.434823846
"mem764738",1.071702914,0.870840853,1.448320428
"mem765152",1.848914564,0.472574131,0.227569839
"mem767187",1.810095447,0.947288233,0.632249046
"mem769692",0.951213772,0.532381264,1.404166424
"mem770239",1.053384072,1.493826768,0.464051979
"mem770242",0.460136955,0.994266571,0.853600882
"mem770455",0.326233083,0.727931284,0.602479302
"mem770768",1.403914069,1.362220702,0.526785579
"mem770912",0.858455858,1.575625498,1.400232355
"mem771269",1.322036088,0.682943438,0.576439819
"mem771729",1.246273561,0.838229497,1.642708461
"mem771892",1.683568844,0.993155487,0.845808653
"mem772180",0.555794802,0.704553864,0.295557896
"mem77432",0.855369819,1.33011765,0.66395146
"mem774566",1.192473262,1.037975423,0.557452274
"mem776685",0.690084797,0.655448002,2.1215911
"mem779238",0.772801968,0.929911195,0.355410212
"mem779491",1.527458312,1.084691842,1.30236037
"mem781091",0.43324793,1.119837353,0.433271564
"mem781706",1.184289387,1.003239693,1.304927036
"mem782233",0.809878996,0.917833509,0.502957509
"mem782384",0.83312067,0.792898273,0.781987232
"mem782945",1.187593164,1.447150573,1.010574745
"mem784480",0.473556659,0.339763555,1.317770485
"mem784698",1.846351326,1.005580424,0.756382109
"mem78484",0.623223192,1.080821096,0.812403829
"mem785301",0.724992258,0.985750542,2.312853596
"mem786265",0.818174071,0.913496654,1.143783299
"mem788997",1.507366604,0.62717816,0.527450237
"mem789836",0.969615715,0.378134982,0.481729888
"mem790955",1.566946549,0.840152073,1.23308968
"mem791239",1.41635572,0.72736621,2.436280724
"mem792465",1.136290947,1.242743885,1.710275055
"mem794459",1.326054556,1.06735415,0.641949116
"mem795182",1.074365885,1.093230072,0.969816027
"mem795789",1.416132381,0.983172346,1.029225007
"mem796806",1.049655489,1.085622872,0.933638133
"mem797443",1.569364678,1.238707827,0.286600626
"mem798726",1.62095499,0.872207603,1.597927789
"mem79975",1.304533551,0.955471878,0.674190662
"mem801198",0.782206008,1.352904118,0.752008908
"mem801261",1.079233687,0.705561184,1.058059972
"mem803062",1.156462551,0.876769741,1.51434622
"mem803911",0.69060552,1.00826332,0.559878097
"mem804062",0.719448518,0.946712875,1.350920834
"mem804339",0.81422501,0.982867753,1.258747119
"mem806249",1.346235972,0.800213137,1.256829823
"mem806419",0.213526008,1.073546334,0.521001449
"mem807955",0.707443289,0.941883776,0.950249683
"mem809068",0.905428394,0.947800294,1.280116919
"mem809765",1.317752328,0.33924447,0.731130049
"mem809908",1.972323948,1.002245172,0.625879319
"mem811117",0.638065749,1.197637714,1.417599579
"mem811612",0.579446116,0.573366979,1.100060936
"mem812158",0.598465596,0.771287967,0.692268239
"mem813234",0.764406975,0.746440007,-0.355666738
"mem814025",0.411856835,1.315614753,1.544355556
"mem814034",0.696595221,0.704193432,0.088591932
"mem815263",1.073444465,1.337277126,1.380714688
"mem815459",0.826648586,1.05773884,1.7765468
"mem816439",1.575171977,1.106597251,0.857780665
"mem817415",0.596022164,1.028202745,2.056555092
"mem817670",1.259364208,1.391631047,1.482203203
"mem817841",1.07895527,1.233310175,1.625095342
"mem818034",0.311776532,1.240915684,0.385472436
"mem818383",0.734731899,1.399977077,0.865636495
"mem820173",0.537968919,0.617232569,0.561863952
"mem822798",0.33215924,1.157761083,0.780453014
"mem822905",0.430179074,0.662869314,1.027879139
"mem823780",1.487065103,0.595557984,0.722944879
"mem82502",1.479308021,0.906441805,0.056151456
"mem826993",0.900648212,1.138603648,0.682959362
"mem827192",1.013464733,1.230645651,-0.229351553
"mem827632",1.040484377,1.283741181,0.544134219
"mem827709",0.625249507,0.741189201,1.477174988
"mem8304",2.063031039,0.967799843,0.85441456
"mem830882",1.609149963,0.478971798,1.680327725
"mem830966",1.526062657,0.76121709,2.758673542
"mem831841",0.375671707,0.919262874,1.796941746
"mem832768",1.269293707,1.060328047,-0.482154465
"mem834801",1.191306353,0.876362543,1.538709463
"mem835747",0.779152483,1.24774366,0.514075619
"mem83718",0.9395516,0.663193065,1.321946262
"mem837333",0.385901071,0.751821198,1.475498847
"mem84083",0.909749459,0.77497232,0.522511245
"mem841600",-0.043919778,1.081478028,0.354267121
"mem845479",0.849150402,0.618768564,1.573804518
"mem846266",1.0247591,0.953120374,0.647630939
"mem847493",1.087709761,1.169734371,1.324024875
"mem84943",1.912548161,0.90504513,0.673951805
"mem849971",1.151517514,0.882462668,1.164680491
"mem850381",0.947134275,0.919493936,0.460371468
"mem850888",0.778003766,0.414822753,0.811281853
"mem851083",1.001213415,0.905398104,0.854443641
"mem852567",1.432144083,1.182901882,1.350429032
"mem853628",0.475687054,1.196049533,1.936951625
"mem854820",0.860074148,0.953780812,0.331533115
"mem855369",1.007988016,1.168342975,1.523924668
"mem856298",1.123841016,1.029574279,0.990533284
"mem85675",0.823256111,0.967309269,1.034848563
"mem856926",0.506154302,1.091770287,0.823123113
"mem857284",0.606538102,0.890235086,2.067948763
"mem857554",1.627231166,0.973219244,0.74955556
"mem857690",0.235078402,1.308603544,1.785428169
"mem860107",0.593288385,1.089763625,0.762249706
"mem863330",0.610718617,0.880684183,0.495535209
"mem864959",0.951235149,1.297363601,1.504504118
"mem865587",0.427842976,0.523298131,0.992443871
"mem867734",0.771409475,0.78974616,1.53584788
"mem868206",0.642490472,1.113734789,1.168375054
"mem868544",0.593105394,1.105315441,0.431980117
"mem868926",1.825214575,1.234908031,0.404256367
"mem869555",0.358172435,0.986860778,0.121320772
"mem870487",0.877953635,1.012493867,0.056355376
"mem870806",0.464489984,1.084559765,1.166014205
"mem872077",1.62908547,0.158396955,1.100310894
"mem872515",1.044366039,0.545050489,2.180325253
"mem875366",0.29020282,0.710956729,-0.125083349
"mem875501",0.923418496,1.206079452,1.091874636
"mem875666",0.352063233,0.786787091,0.254861668
"mem876471",1.52347493,1.161204727,1.169500669
"mem876566",0.234946757,1.030537111,1.402781257
"mem876864",0.674066534,0.88121591,1.288831886
"mem877719",1.18006496,1.561793647,0.832564139
"mem877937",1.609705822,1.265686937,0.261383743
"mem877970",1.078861053,1.121978851,0.917375334
"mem879431",0.250629597,0.679641973,0.337543437
"mem879531",1.487344569,1.256879194,1.051164973
"mem880796",1.832779858,0.8549963,-0.15468254
"mem882872",0.701353735,1.340073558,1.350142216
"mem883082",1.591550747,1.764412221,0.215984342
"mem88391",1.350319832,1.161628707,0.959715252
"mem885747",0.911529603,0.715374897,1.842449
"mem885884",1.0685362,1.48545611,0.75572141
"mem886533",1.480860887,0.648445525,0.916381723
"mem887704",0.778873027,1.029369065,1.020024571
"mem889792",0.572050806,0.947395326,0.340546951
"mem889805",0.978510177,1.336418923,1.320266612
"mem890727",0.324682189,1.143920691,1.661708513
"mem89076",1.938279596,0.513212896,0.5692248
"mem892308",1.57223327,1.07202963,0.516108057
"mem892835",1.616822417,0.38382775,1.881687242
"mem893971",1.152092289,0.861104093,0.805439796
"mem893998",0.81794299,0.677415096,0.528506168
"mem894089",0.65684845,0.776570424,0.095696593
"mem894468",1.541708442,0.465264616,2.045019844
"mem895407",1.200036142,1.752819686,0.889328974
"mem895426",0.981590144,0.683509782,0.231992801
"mem895599",1.676316179,0.791353113,0.373889772
"mem896223",1.752374137,0.953864755,0.760600155
"mem89657",0.773094281,1.224480563,0.842214099
"mem896763",0.19258776,1.045339613,1.519176307
"mem898007",0.320230993,0.953772822,0.622328524
"mem899470",0.774999485,1.119785353,0.921371084
"mem900261",0.250295035,0.815750163,1.302810248
"mem901334",1.655358172,0.404568746,1.589531382
"mem902416",0.683330284,1.016138257,0.854445902
"mem903579",1.761137484,1.483387057,1.019877651
"mem903732",1.773320415,0.982684765,0.655888784
"mem905762",1.327170812,0.908291418,0.977639349
"mem905768",0.692365647,1.185631575,0.979361208
"mem906456",0.771517098,0.803153433,1.179149595
"mem906467",1.25430226,0.923128824,0.736764227
"mem906782",0.985745804,1.068625997,1.487431376
"mem906840",1.111178903,1.170546466,0.750252042
"mem907154",0.659552464,1.235181924,0.669397612
"mem907207",0.616782227,1.138424331,0.500965909
"mem909733",0.630983604,1.350754646,1.169160169
"mem910447",1.048070706,1.739937356,0.756771586
"mem911648",1.027315875,1.244098062,0.621267266
"mem912336",1.05630817,0.511962433,0.708008196
"mem912786",1.311355011,0.678944533,0.938219059
"mem913052",0.351608764,0.557867152,1.237474498
"mem913959",1.346305308,1.068247071,1.759429913
"mem915001",1.192869269,0.742166805,0.446333978
"mem915754",1.487283235,0.782259684,0.594299242
"mem916010",1.349717188,0.994018358,1.924328079
"mem916528",0.540545058,1.476332381,0.663651601
"mem918182",0.646320566,1.022467474,0.952429417
"mem919328",1.532291403,1.154243282,1.90175434
"mem919653",1.201801954,0.215688983,2.243416274
"mem919925",1.173655298,1.121318615,-0.014279066
"mem919980",0.687072069,0.690683563,0.961862019
"mem922187",1.107843426,1.477003917,0.844773435
"mem923779",1.302954539,1.094436787,0.753017015
"mem924699",1.696780501,0.812008562,1.573014516
"mem925290",0.550464346,0.883768718,1.008698082
"mem926885",0.370972233,1.221719966,0.567818951
"mem928728",0.554807366,1.176285813,2.10279132
"mem929342",1.175648611,1.39064605,0.180360904
"mem931395",0.828375392,0.96058549,1.57253524
"mem931784",1.387763263,0.68194836,0.358137308
"mem931889",1.292280717,0.611267232,0.964326435
"mem93240",0.989609237,0.872560023,2.032829144
"mem937160",0.588622928,0.973207019,1.945995673
"mem937271",1.003687457,1.076660749,0.969069176
"mem93785",0.864755133,0.84780318,0.727233127
"mem938125",1.955699245,0.431083125,1.36386536
"mem93822",1.273848034,1.358422019,1.377744167
"mem938800",1.300029458,0.687750168,1.353279605
"mem940256",1.05307745,0.796039554,1.386456396
"mem940340",0.786918112,0.904097462,0.982946619
"mem940934",0.844885015,0.592967986,0.977855493
"mem941276",1.512616612,1.103987957,1.726223783
"mem941405",1.405334335,0.594294049,2.111182126
"mem944986",1.517255759,0.695953902,0.184873665
"mem945203",0.920846745,0.721771304,2.170061339
"mem946122",1.223289705,1.463955261,1.697355061
"mem946931",1.176561812,1.284686773,1.318656762
"mem947561",0.488921408,1.430196717,0.164542218
"mem947906",0.722278797,0.965977566,1.508250767
"mem949252",1.207907467,1.371173945,0.518982399
"mem950434",0.854301265,1.074501947,-0.274657681
"mem950906",0.572995933,1.686211019,1.169249187
"mem951351",1.501863438,0.819974291,1.546011312
"mem951692",1.448875663,1.06621083,2.007229319
"mem952680",0.372354852,1.210138124,0.545425695
"mem953617",1.282233793,1.224534618,1.463530554
"mem954194",0.394370078,0.633601367,1.631221419
"mem956602",0.111040488,1.195111839,0.880844681
"mem956820",1.502006309,1.050285005,1.37282987
"mem957305",0.967126272,0.584097562,1.427256911
"mem958280",0.272386372,1.077514115,2.801698623
"mem958630",1.165150067,0.769706205,-0.049533269
"mem959309",0.752176727,1.376889016,0.380083989
"mem959489",0.090022125,1.002016648,1.259484928
"mem9599",0.164634924,0.922803975,0.380715713
"mem960130",1.82831855,1.131263588,1.438129948
"mem962565",1.257434306,1.259917518,0.29732576
"mem965492",-0.236010968,1.281063043,0.071478103
"mem965862",0.713506424,1.229551037,0.543499825
"mem967732",1.598982622,1.242881806,1.686340813
"mem968042",1.630637685,0.653853562,1.842509965
"mem968092",0.998334292,1.277996915,1.086171705
"mem968839",2.204787669,1.009107892,2.127580681
"mem969830",1.787661393,0.897199434,1.222173347
"mem969910",1.253035575,0.679586846,1.242526853
"mem971722",1.339916839,1.026610721,1.261093121
"mem971817",0.909828972,0.986060418,1.468653075
"mem973830",0.982511847,1.008649612,1.36307069
"mem974929",0.734399304,0.569037628,0.87407302
"mem97577",0.52107029,1.134159747,0.885994506
"mem976220",0.684786742,1.09356682,0.851968798
"mem976902",1.202380391,0.970157562,1.616720461
"mem9773",0.716491613,0.648826999,2.385595333
"mem97829",1.545439411,0.749634953,2.598907252
"mem982348",1.817045993,0.583193616,0.573163269
"mem983485",-0.015568054,1.600953257,1.926071015
"mem983918",0.769566458,1.584279904,1.737961578
"mem984444",0.887791796,1.18305548,0.999596232
"mem986069",1.091871037,0.388160289,1.162280552
"mem986312",1.339989228,0.829829987,0.808053742
"mem986882",0.724913706,1.486637709,0.362809251
"mem987617",0.695602984,0.221469661,0.732246253
"mem989885",1.879368303,0.93192295,0.044035861
"mem990787",0.482106219,0.881397982,1.734358899
"mem991476",0.318068204,0.880113432,1.556239337
"mem992651",1.155840121,1.172490297,-0.457749556
"mem992857",1.198905797,1.183030418,0.10277599
"mem996058",1.576804451,0.893875323,1.43091764
"mem999685",0.947758081,1.363328516,0.858158345
"mem999787",0.751619483,0.317997689,1.75295901
